edad,grado,tipo_actividad,dificultad,tiempo_seg,intentos,pistas,correcto,nota,secuencia_actividades,evolucion_desempeno,nivel_concentracion,comparacion_historial,nivel_comprension
9,6,relacionar,5,100,2,2,1,7,5,0.37,0.78,-0.06,0.7153900382722461
10,6,sopa_letras,4,214,3,0,1,9,2,0.06,0.66,-0.18,0.6097383841210022
12,5,relacionar,5,283,3,1,0,8,2,0.32,0.92,0.13,0.4952462268261905
9,5,crucigrama,1,206,5,2,0,5,3,0.42,0.72,0.16,0.2856002594941587
11,4,memoria,5,81,3,1,1,8,4,0.07,0.62,-0.12,0.5043831808184042
10,6,crucigrama,3,110,5,3,0,9,4,-0.1,0.58,-0.02,0.24612524869659264
9,6,memoria,3,91,5,3,0,6,1,-0.12,0.91,-0.09,0.363909973828268
9,6,sopa_letras,2,177,1,3,1,7,5,0.23,0.83,0.29,0.5985277005062876
10,5,memoria,5,128,1,3,1,5,5,0.01,0.64,-0.13,0.5214935122631312
10,5,memoria,1,285,1,3,1,5,2,0.37,0.57,-0.14,0.5060263630468602
12,6,memoria,2,172,3,3,1,10,5,0.02,0.98,0.18,0.7475098140374876
10,4,memoria,3,195,2,3,1,8,4,-0.02,0.51,0.04,0.48677891657397265
11,6,crucigrama,3,162,1,1,0,8,4,0.13,0.55,0.09,0.2613298684864117
11,5,relacionar,2,144,2,1,0,5,1,0.48,0.93,0.11,0.3986751880657401
12,6,memoria,1,298,2,0,0,8,2,0.1,0.93,-0.2,0.42661399236882785
10,4,memoria,5,212,3,1,0,9,1,0.12,0.72,0.11,0.4276884786096889
9,4,crucigrama,4,88,5,2,0,9,2,-0.18,0.7,0.08,0.4100839783884794
9,6,memoria,3,181,5,2,0,9,3,-0.07,0.58,0.19,0.30934936296842025
11,6,sopa_letras,1,124,2,1,0,5,2,-0.18,0.71,-0.02,0.2667009949642456
11,5,memoria,3,252,4,3,0,5,2,0.03,0.83,-0.16,0.3226321709837415
12,5,crucigrama,2,289,3,0,1,9,2,0.09,0.98,-0.08,0.629916403746365
9,4,relacionar,5,161,3,0,0,5,1,0.02,0.81,0.18,0.28408887717954395
12,5,crucigrama,2,295,1,0,1,10,5,0.37,0.62,0.28,0.6079857554946922
9,4,relacionar,5,208,1,3,1,9,1,0.46,0.72,0.2,0.707382868552395
12,5,sopa_letras,1,228,5,2,0,9,4,0.01,0.55,0.02,0.2991862436376685
10,5,sopa_letras,3,239,2,1,0,7,5,0.32,0.51,-0.1,0.27487574512998586
12,4,relacionar,2,202,4,1,1,7,3,-0.1,0.8,0.01,0.4821810567896689
10,6,crucigrama,5,192,1,3,1,8,1,0.13,0.93,0.18,0.6713858390584235
10,5,crucigrama,2,93,3,3,0,7,1,-0.0,0.59,0.2,0.29154636899252984
11,6,memoria,4,164,5,0,1,9,2,-0.13,0.98,0.25,0.6789005887661452
11,6,crucigrama,4,174,4,1,1,6,3,-0.08,0.64,0.24,0.5243127403334058
9,6,memoria,1,113,4,0,0,6,5,0.41,0.5,0.16,0.2651432678435249
12,5,memoria,2,98,3,3,0,6,1,0.2,0.99,0.09,0.27272453883649495
11,6,sopa_letras,5,186,1,1,0,8,4,0.12,0.91,0.1,0.40290106958392685
10,5,crucigrama,2,116,1,1,1,5,3,-0.08,0.6,0.17,0.3814803024207272
12,6,relacionar,5,292,5,2,1,7,5,-0.16,0.78,-0.2,0.5896097662283788
11,4,crucigrama,1,167,2,0,1,9,5,-0.04,0.53,0.11,0.5470527173279266
11,4,crucigrama,3,217,4,1,1,8,4,0.04,0.82,-0.16,0.5809047612536969
12,5,sopa_letras,5,131,5,2,1,6,5,-0.12,0.81,-0.15,0.5296337206357203
10,6,memoria,4,229,4,0,1,10,3,0.35,0.94,0.22,0.7004104739238777
10,5,sopa_letras,3,167,5,0,0,10,1,0.27,0.97,0.28,0.4123066688724756
9,6,sopa_letras,5,156,3,1,0,7,5,0.37,0.64,0.28,0.3789335411739014
10,5,relacionar,1,223,5,1,1,8,3,-0.03,0.52,0.04,0.49290374977534773
11,5,crucigrama,5,163,4,3,0,8,3,-0.1,0.69,0.28,0.38069861933561533
10,4,sopa_letras,2,258,3,0,0,6,3,0.1,0.74,0.28,0.24178967851500277
10,6,sopa_letras,2,203,4,3,1,10,4,0.42,0.98,0.17,0.6789992334538628
9,4,relacionar,2,173,2,0,1,9,1,0.28,0.95,-0.05,0.6612973269316643
10,5,memoria,5,130,5,1,1,5,4,0.43,0.77,0.19,0.6200394840264283
10,6,relacionar,4,102,2,3,0,9,5,0.38,0.86,0.07,0.4603839483364188
12,4,memoria,3,192,5,2,0,6,5,0.06,0.71,-0.06,0.25762089729731
12,4,memoria,5,286,1,3,1,6,4,0.11,0.85,0.25,0.6772193345236096
11,6,relacionar,5,163,4,2,0,7,3,0.15,0.97,0.04,0.3975822025974879
10,6,sopa_letras,3,256,4,0,0,7,3,0.28,0.69,0.26,0.3036466284574163
9,6,relacionar,3,95,3,0,0,9,4,-0.18,0.96,0.27,0.38453008244069997
11,4,relacionar,4,171,1,0,0,9,2,-0.11,0.86,0.15,0.322700460404035
9,5,memoria,1,221,2,1,0,5,2,-0.08,0.81,0.15,0.27571008422384646
11,4,relacionar,1,191,1,3,0,8,1,0.33,0.61,0.17,0.3260325972931023
10,6,memoria,1,288,3,2,0,10,1,-0.1,0.97,-0.08,0.36576288736280377
12,4,crucigrama,3,213,4,0,1,9,4,-0.16,0.75,0.04,0.6228009728700697
9,4,crucigrama,3,220,2,2,0,10,3,-0.02,0.62,-0.02,0.36134033191565107
10,4,crucigrama,3,92,4,1,1,10,1,0.01,0.74,0.25,0.6303168003208943
11,5,sopa_letras,2,203,2,1,1,6,5,0.49,0.54,-0.03,0.41189998667431527
11,5,relacionar,5,255,1,3,0,5,3,0.08,0.63,0.09,0.33385048322626426
10,6,memoria,3,236,3,0,0,6,4,0.41,0.51,-0.09,0.26185322987584064
11,6,relacionar,1,297,1,2,0,10,1,-0.17,0.81,0.21,0.2937912002545472
12,6,memoria,4,192,1,0,1,8,5,-0.0,0.74,-0.0,0.5365334364392486
11,4,sopa_letras,1,177,5,1,0,5,5,-0.12,0.89,0.09,0.19389071911220906
9,4,relacionar,3,194,3,0,1,6,1,0.13,0.8,0.19,0.6041291208763206
11,4,sopa_letras,5,245,3,0,1,8,4,0.1,0.66,0.27,0.5793015333014025
11,4,memoria,2,106,3,3,0,8,2,0.15,0.78,0.19,0.35841963212558076
11,5,relacionar,2,260,1,3,0,9,5,0.46,0.94,-0.18,0.44825014798848745
9,5,crucigrama,3,93,1,0,0,6,4,-0.13,0.57,0.16,0.25103395477769114
9,4,sopa_letras,2,213,1,2,0,10,5,0.3,0.53,-0.09,0.3087515759592671
11,6,sopa_letras,3,212,1,0,1,6,5,-0.06,0.77,-0.15,0.5612905030888206
9,6,memoria,1,155,1,3,0,9,1,-0.05,0.88,0.04,0.3319484202322697
12,4,crucigrama,5,156,2,0,1,10,1,0.31,0.56,0.21,0.7353104885842691
12,4,relacionar,2,208,3,3,0,8,5,0.42,0.94,-0.09,0.3814763799260546
10,4,relacionar,2,296,1,1,0,7,3,0.16,0.7,-0.17,0.2967138232940962
11,4,relacionar,4,209,2,0,0,6,4,0.31,0.69,-0.02,0.3326036190406239
12,5,crucigrama,3,190,4,1,1,9,2,0.17,0.95,0.27,0.6787950226636357
9,4,sopa_letras,3,178,1,3,0,7,2,0.1,0.52,-0.04,0.3000500354517943
10,5,sopa_letras,2,151,3,0,0,5,3,0.39,0.94,0.21,0.4376806702797977
11,4,sopa_letras,4,189,4,0,1,10,3,0.36,0.9,0.05,0.691197624158501
10,6,memoria,5,175,1,2,1,6,1,0.25,0.63,0.29,0.6916886746482926
12,4,crucigrama,5,140,5,0,0,10,3,-0.13,0.83,0.06,0.3985892601141173
11,5,crucigrama,1,183,3,1,1,5,1,0.23,0.59,-0.08,0.49431553982286086
10,5,relacionar,1,251,4,1,0,8,4,0.4,0.71,0.05,0.3363587405518348
10,4,relacionar,5,103,4,0,1,8,5,0.41,0.54,0.04,0.6186347072543672
10,5,sopa_letras,5,297,4,1,0,7,1,0.14,0.69,-0.12,0.3610353821839383
9,5,memoria,1,193,2,2,1,7,4,0.31,0.72,-0.14,0.5317356844343643
11,6,sopa_letras,4,202,4,3,0,10,3,0.15,0.6,0.18,0.3286854968857709
9,6,sopa_letras,5,170,1,0,1,5,3,0.28,0.75,0.09,0.6476878226849698
9,5,memoria,3,80,4,1,0,5,4,0.03,0.59,0.16,0.39654996271144677
10,5,crucigrama,3,108,3,3,1,8,3,-0.05,0.56,0.24,0.5800676762159505
11,5,crucigrama,2,91,2,1,0,9,3,0.44,0.52,0.13,0.3792653661800361
12,6,sopa_letras,2,205,4,2,1,9,4,0.44,0.64,-0.06,0.5778095819835549
12,5,relacionar,3,258,2,3,0,10,1,0.16,0.68,-0.17,0.31150547713460713
12,5,memoria,4,106,2,0,1,10,5,0.01,0.71,0.14,0.5893431192538268
10,6,memoria,5,263,4,3,1,7,3,-0.1,0.54,0.3,0.6082341899414752
12,4,sopa_letras,5,145,2,1,0,7,4,-0.04,0.86,-0.18,0.36457437768278855
9,6,crucigrama,3,257,3,3,0,10,1,0.46,0.6,0.25,0.4546006795202789
10,6,memoria,1,220,2,3,0,8,2,0.3,0.56,-0.16,0.3611202814417411
9,5,memoria,2,191,3,2,1,10,2,-0.01,0.84,0.08,0.6270411982995366
9,4,sopa_letras,1,218,1,0,0,10,3,0.1,0.56,0.07,0.32865876697195373
12,5,crucigrama,2,256,1,0,1,6,1,0.16,0.93,0.11,0.6302122884384779
9,4,relacionar,1,250,4,2,1,8,1,0.28,0.7,-0.02,0.615911640899978
9,4,memoria,1,146,4,3,0,10,3,0.25,0.5,0.2,0.3359560300728502
11,6,sopa_letras,4,262,4,3,1,6,2,0.17,0.79,-0.12,0.6162665382393452
11,5,relacionar,3,238,3,1,1,6,4,-0.14,0.83,-0.18,0.46135137360654005
12,5,crucigrama,3,104,3,2,1,8,4,0.04,0.77,-0.16,0.4993118229167979
10,6,sopa_letras,5,257,5,3,1,6,2,0.3,0.65,-0.17,0.6469555031083851
12,4,relacionar,3,87,1,1,0,9,5,0.38,0.79,0.12,0.4725044320055588
10,5,memoria,2,277,2,2,1,10,3,-0.03,0.71,0.02,0.6345249441704306
9,4,memoria,5,138,2,2,1,8,5,-0.11,0.77,-0.18,0.6649611708717358
9,5,relacionar,3,202,1,1,1,6,2,0.21,0.76,0.29,0.581880445085958
9,6,relacionar,1,158,2,3,1,10,3,-0.11,0.55,-0.14,0.4790554481518743
9,5,crucigrama,1,175,4,3,1,5,3,-0.03,0.77,-0.05,0.5162740759220269
11,4,sopa_letras,3,211,1,2,0,8,5,0.18,0.62,0.16,0.3020926022785822
11,5,sopa_letras,5,83,4,2,1,9,1,0.5,0.59,0.05,0.5960752654492727
11,6,relacionar,1,262,4,3,0,7,4,0.04,0.88,-0.03,0.25907615929967
12,4,relacionar,5,252,2,2,1,10,1,0.25,0.88,-0.08,0.832577932405046
9,6,relacionar,2,228,1,1,1,10,3,0.14,0.6,0.14,0.6110168268903338
10,4,crucigrama,3,201,5,2,1,7,1,-0.15,0.83,-0.14,0.6154833227384029
9,4,relacionar,1,166,4,1,1,6,4,0.22,0.86,-0.08,0.6219291507559535
9,5,sopa_letras,4,288,1,2,0,8,3,0.38,0.79,0.21,0.4206889531932521
11,4,relacionar,3,207,4,1,0,7,4,0.41,0.58,-0.02,0.36648676504644995
10,6,relacionar,3,291,1,1,1,10,4,0.07,0.9,0.16,0.7517314436057956
9,6,sopa_letras,4,192,3,2,0,8,3,0.36,0.94,-0.18,0.3919764248922917
10,4,crucigrama,1,186,3,1,0,6,4,0.34,0.99,-0.16,0.2649445557313075
10,5,relacionar,5,180,4,1,1,5,1,0.33,0.62,0.28,0.6293472345278497
9,6,memoria,2,154,4,2,1,5,2,0.23,0.99,0.17,0.6095391628073107
12,6,crucigrama,1,170,4,0,0,10,3,0.42,0.77,0.2,0.4220322716961399
11,5,memoria,2,194,5,0,0,9,4,0.46,0.79,0.29,0.3670596137443665
11,4,crucigrama,1,251,3,2,1,7,3,-0.17,0.92,0.12,0.5132777900778756
11,6,relacionar,5,130,3,1,0,9,3,-0.19,0.5,0.22,0.3363992459926287
12,4,sopa_letras,3,104,1,1,0,10,5,-0.06,0.69,0.1,0.35366386383488396
10,5,crucigrama,2,169,5,0,1,7,3,0.47,0.73,-0.1,0.5300082715703345
12,6,relacionar,5,285,2,3,1,9,4,0.36,0.66,0.05,0.6306482636803751
11,4,memoria,2,124,1,3,1,8,3,0.47,0.86,0.16,0.7224963542714782
9,6,sopa_letras,4,232,4,0,1,5,2,0.22,0.86,-0.08,0.6052617964786976
9,5,crucigrama,2,244,3,2,1,6,3,0.49,0.78,0.21,0.4794903594839385
10,4,sopa_letras,3,138,2,0,0,5,4,0.49,0.73,0.2,0.3308579960066127
12,6,relacionar,2,152,5,2,1,10,5,0.23,0.8,0.04,0.6485429991695243
12,4,memoria,5,154,1,0,1,5,1,0.1,0.72,-0.14,0.5580337630283179
11,5,memoria,4,249,5,2,1,5,1,0.29,0.95,0.04,0.5797052950201061
9,5,crucigrama,1,275,1,1,1,7,5,0.42,0.77,0.05,0.6021255222801246
12,4,relacionar,3,120,4,3,1,9,5,0.36,0.6,-0.12,0.6639041330092748
9,6,sopa_letras,4,211,5,2,1,10,2,0.35,0.53,0.21,0.6040526516250427
12,6,crucigrama,4,164,3,1,0,10,3,-0.03,0.94,-0.16,0.4614108785158403
12,4,relacionar,2,202,1,1,1,5,3,-0.04,0.57,0.27,0.459265560624746
12,4,relacionar,4,227,4,0,1,10,4,0.04,0.8,0.04,0.6457303526489859
11,4,sopa_letras,2,267,2,0,0,6,4,-0.01,0.64,-0.15,0.2872422246971055
12,4,sopa_letras,4,235,5,1,0,5,4,0.44,0.86,-0.04,0.3758535099215297
11,5,memoria,4,201,4,2,1,6,1,0.46,0.95,0.06,0.6641657773617361
9,4,crucigrama,5,295,4,0,1,9,3,0.42,0.59,-0.01,0.5640571781146624
9,5,sopa_letras,4,263,2,3,0,9,5,-0.05,0.75,-0.15,0.42939047007621667
11,6,sopa_letras,4,284,1,0,0,5,1,0.3,0.99,0.1,0.32847035328583996
12,4,relacionar,5,187,5,2,1,5,3,-0.03,0.67,0.17,0.5517275084274367
12,5,memoria,4,120,5,1,1,10,3,0.45,0.82,0.05,0.6707527133074511
10,5,relacionar,1,86,4,1,0,7,3,0.16,0.69,-0.01,0.21577866104123933
10,6,relacionar,1,236,3,2,1,9,3,0.25,0.84,0.15,0.6055275648909137
9,5,relacionar,2,205,5,3,0,8,5,0.0,0.91,-0.09,0.4223271247026067
12,6,crucigrama,2,214,4,2,0,9,1,-0.03,0.66,0.1,0.308614740951619
9,4,crucigrama,2,219,4,2,0,7,2,0.47,0.94,0.18,0.3783952933092938
12,6,sopa_letras,1,103,4,3,1,9,2,-0.18,0.67,-0.06,0.5031143457522484
9,4,memoria,5,258,5,2,1,10,1,0.07,0.67,0.28,0.607848330207176
9,5,sopa_letras,3,176,5,0,1,9,3,-0.13,0.78,0.27,0.5916933399804577
10,5,sopa_letras,3,215,3,2,1,9,3,0.4,0.58,-0.07,0.6763214709928216
11,6,relacionar,3,164,3,3,0,5,5,0.01,0.96,-0.13,0.4186879753096242
9,6,crucigrama,1,259,5,1,1,10,1,-0.13,0.57,-0.04,0.5802010885814813
12,4,memoria,2,296,1,2,1,5,5,0.46,0.68,0.05,0.4952754596124217
12,5,sopa_letras,2,87,3,2,0,6,2,-0.18,0.74,-0.14,0.15891636218917315
10,4,relacionar,5,169,2,3,1,8,2,0.25,0.72,0.27,0.6646527667640161
12,4,sopa_letras,2,187,4,2,0,9,4,0.43,0.74,-0.2,0.2535965210732942
10,4,sopa_letras,1,163,5,1,1,8,4,0.3,0.86,-0.17,0.6534295561067733
9,5,crucigrama,5,83,1,0,0,5,2,0.15,0.64,0.16,0.32831573844444495
9,6,crucigrama,1,82,1,3,0,5,3,0.2,0.77,-0.08,0.24404967766767655
12,5,crucigrama,1,224,1,0,1,6,2,0.22,0.72,0.13,0.510635928022372
11,6,memoria,2,154,4,2,0,9,2,0.46,0.92,-0.09,0.534506412614459
9,4,memoria,1,87,3,0,1,6,5,-0.14,0.87,0.24,0.5075981389025301
11,4,crucigrama,1,127,5,3,1,5,1,0.3,0.5,0.16,0.4878331294874215
10,6,sopa_letras,5,169,5,0,0,8,2,0.25,0.79,0.12,0.4390415000046909
11,4,sopa_letras,4,112,3,1,1,9,2,0.48,0.93,0.02,0.7510468888681312
12,5,sopa_letras,4,225,3,0,0,7,2,-0.03,0.81,-0.05,0.3484098880133356
9,5,sopa_letras,1,153,3,3,0,6,2,0.39,0.98,0.24,0.351300220520411
9,4,memoria,2,189,3,1,1,9,3,-0.13,0.69,-0.03,0.4565988533646762
11,6,relacionar,5,151,1,1,1,7,5,-0.03,0.58,-0.04,0.5553973176750557
10,6,sopa_letras,5,122,1,2,1,8,1,0.12,0.54,0.12,0.621267970143451
10,5,memoria,4,82,1,2,1,9,1,0.03,0.92,0.08,0.6005812546062255
11,6,sopa_letras,2,288,2,2,1,8,5,0.02,0.5,-0.07,0.48618078600708653
11,5,relacionar,5,275,2,1,0,9,2,0.17,0.93,0.2,0.44421959681569056
12,4,sopa_letras,2,284,4,3,1,7,1,-0.09,0.59,0.16,0.5779217474528433
10,6,memoria,1,106,1,1,0,10,3,0.29,0.56,0.07,0.2649706842431706
12,5,crucigrama,4,124,4,1,1,9,5,-0.03,0.98,0.12,0.5886041936552794
11,6,relacionar,3,266,2,2,1,6,4,0.42,0.82,0.2,0.5662477050715761
12,4,crucigrama,2,99,3,0,0,10,3,0.32,0.56,0.23,0.29834579584772336
9,4,crucigrama,5,137,5,3,1,6,5,-0.11,0.82,0.22,0.6709884635722536
9,6,memoria,2,233,5,0,0,8,2,-0.05,0.63,0.05,0.40562209316681785
11,4,memoria,5,108,2,1,0,7,2,-0.18,0.72,0.03,0.3463921680607198
10,4,memoria,4,231,5,3,0,5,4,0.07,0.77,0.13,0.2714732125562345
9,5,relacionar,3,147,2,1,1,8,3,-0.1,0.81,0.02,0.6932004100314781
9,6,memoria,4,156,2,1,1,10,3,0.5,0.55,-0.09,0.7187291597377903
11,5,memoria,2,134,2,1,1,5,1,0.45,0.98,0.02,0.592041008501799
10,4,sopa_letras,3,248,5,3,1,5,1,0.44,0.91,0.28,0.5014920869698218
10,4,crucigrama,5,258,5,0,0,6,1,0.22,0.96,-0.06,0.4664553565711653
12,4,crucigrama,2,150,1,3,0,5,3,0.32,0.59,-0.04,0.32701878738189966
10,6,sopa_letras,4,94,2,1,1,5,3,-0.07,0.79,0.2,0.5764980363719313
10,5,sopa_letras,3,231,3,0,0,7,4,0.03,0.81,0.26,0.3013002196384598
12,5,crucigrama,3,132,1,3,0,5,3,0.17,0.85,0.26,0.3999517289635981
12,5,relacionar,1,91,1,0,1,9,3,-0.08,0.7,0.06,0.5204674505764723
12,5,memoria,3,99,2,0,1,10,4,0.23,0.83,-0.16,0.641409947724918
12,5,relacionar,4,218,3,3,1,6,5,0.29,0.77,-0.09,0.5936505057032164
11,5,relacionar,1,111,3,3,0,7,4,0.13,0.56,0.09,0.2029778590376228
9,5,memoria,2,201,1,3,1,10,2,0.27,0.69,-0.1,0.6116475467048048
9,6,sopa_letras,2,195,4,0,0,10,4,0.39,0.82,0.1,0.4407884821592395
10,4,crucigrama,3,111,4,3,0,6,5,0.14,0.73,-0.03,0.3697469916525972
10,5,sopa_letras,1,179,3,0,1,5,5,0.01,0.7,0.17,0.528303490001617
9,5,crucigrama,4,297,5,2,0,5,5,0.13,0.57,-0.11,0.23037035220144075
9,5,sopa_letras,3,99,3,2,0,5,5,-0.09,0.86,0.26,0.2726667717407744
12,5,memoria,3,289,2,0,1,8,5,0.1,0.77,-0.13,0.5424708001533699
9,5,crucigrama,5,217,1,0,0,10,4,-0.04,0.63,-0.05,0.41365960073700936
9,6,crucigrama,4,105,3,1,1,6,4,0.01,0.81,-0.16,0.5078205385996496
10,4,memoria,1,92,2,2,1,9,2,-0.2,0.51,0.18,0.5258469668858103
12,6,relacionar,3,282,1,2,1,10,3,0.27,0.52,-0.17,0.5730842300835292
9,5,crucigrama,3,296,3,0,1,6,5,0.18,0.92,-0.09,0.7763787526208479
12,4,memoria,4,188,5,3,1,10,5,-0.15,0.61,-0.05,0.6098069241665253
12,6,memoria,2,152,1,0,0,6,2,-0.12,0.55,-0.13,0.2674819863329943
10,4,crucigrama,2,250,4,1,1,9,4,0.33,0.61,-0.08,0.5881394662520912
10,4,crucigrama,2,267,4,0,1,9,4,-0.07,0.69,-0.17,0.5744914485657928
10,5,sopa_letras,2,215,5,3,1,9,5,-0.18,0.72,0.24,0.5404121838351538
9,4,memoria,3,103,3,3,1,9,5,0.47,0.94,0.3,0.688797150689582
12,4,memoria,1,215,4,3,1,7,3,0.07,0.79,-0.19,0.527476132245432
10,6,sopa_letras,1,169,5,1,0,8,5,0.03,0.67,0.09,0.34487958232893
12,4,sopa_letras,5,122,2,1,0,6,2,-0.01,0.79,0.1,0.4249821864678167
10,5,memoria,1,87,2,3,1,6,3,0.07,0.67,0.27,0.41422362221223813
9,5,crucigrama,1,209,5,3,0,6,2,-0.2,0.64,-0.16,0.25664413501804306
12,4,relacionar,3,176,5,3,1,5,5,0.24,0.57,0.1,0.5813019495128069
12,6,memoria,2,170,4,2,1,9,5,-0.04,0.77,0.17,0.5409899199106398
9,5,memoria,5,243,5,2,1,5,4,0.28,0.98,-0.02,0.6878599952692985
11,4,relacionar,5,211,2,2,0,5,4,-0.0,0.89,0.2,0.35912340060197745
11,5,memoria,1,128,2,1,1,6,3,-0.1,0.66,-0.18,0.5217730138440843
11,5,crucigrama,3,201,1,0,1,6,2,0.28,0.85,-0.03,0.5071460541000874
10,5,relacionar,3,96,4,2,0,9,3,-0.01,0.79,0.12,0.2940904637916898
10,4,crucigrama,5,206,1,3,0,5,5,-0.08,0.7,0.11,0.40071529376624565
11,6,relacionar,2,143,3,2,1,7,5,0.05,0.92,0.13,0.6114203766862792
9,4,relacionar,2,139,1,2,1,8,1,0.41,0.65,0.29,0.5558740262977702
10,4,sopa_letras,2,265,1,0,1,10,2,0.44,0.59,0.23,0.504921151048703
12,6,crucigrama,4,114,3,0,1,9,1,-0.16,0.66,-0.14,0.5889494356809396
9,6,crucigrama,5,192,5,2,1,9,1,0.18,0.87,-0.03,0.6555467304453443
9,6,crucigrama,5,87,4,1,0,10,3,-0.09,0.76,0.29,0.4150162216375578
10,6,crucigrama,2,134,4,2,1,9,3,0.48,0.81,0.26,0.6441774345200728
12,4,relacionar,1,180,3,3,1,9,5,0.4,0.58,0.03,0.5231328749197273
10,6,relacionar,2,133,3,3,0,6,2,-0.17,0.67,0.22,0.18254055377656025
10,5,relacionar,1,197,3,3,1,10,2,-0.16,0.72,0.14,0.5316084650113237
10,4,relacionar,2,295,5,1,1,7,4,0.28,0.5,-0.01,0.6116152018816124
9,4,relacionar,4,140,3,0,0,5,2,0.41,0.89,0.06,0.3563679340050782
11,5,memoria,4,195,5,1,0,8,4,0.34,0.86,-0.2,0.43798869622822145
11,6,relacionar,2,288,4,1,0,7,4,0.19,0.83,0.04,0.31970539628278466
9,4,sopa_letras,4,162,2,2,1,9,4,-0.01,0.77,-0.09,0.483788377906948
11,4,relacionar,4,173,3,0,0,6,1,0.3,0.82,-0.13,0.3790936223386541
10,5,memoria,1,99,2,1,1,6,4,0.36,0.85,-0.06,0.5016790652016533
12,6,sopa_letras,5,106,5,0,1,9,1,0.22,0.76,-0.04,0.7270326009870925
10,6,sopa_letras,4,109,5,0,0,9,1,0.49,0.81,-0.18,0.41287605739915817
12,5,sopa_letras,3,233,3,2,0,8,3,0.24,0.98,-0.07,0.3763832126527695
12,6,memoria,4,142,2,0,1,8,2,0.3,0.7,0.27,0.634374245846422
11,5,memoria,5,191,5,2,0,7,5,0.39,0.74,-0.02,0.4009532261207896
12,4,relacionar,5,281,4,3,1,5,4,0.34,0.86,-0.07,0.6300495259016704
12,6,crucigrama,5,292,2,1,0,8,5,-0.04,0.78,-0.16,0.36566789658635473
12,5,sopa_letras,3,214,5,0,0,9,3,0.17,0.93,-0.12,0.462379929485093
9,5,memoria,1,91,3,3,1,7,3,0.13,0.7,0.09,0.4161409184475962
12,6,sopa_letras,4,99,4,3,0,10,2,0.41,0.79,0.07,0.47087448249549607
11,4,sopa_letras,2,297,3,2,1,8,3,0.05,0.92,0.28,0.6044829839267045
10,5,crucigrama,5,116,3,3,1,6,5,-0.14,0.55,0.09,0.5642159486530378
11,6,relacionar,5,146,2,3,0,9,3,0.45,0.77,0.23,0.5630819890964339
9,4,memoria,4,187,5,0,1,8,4,0.48,0.54,0.04,0.6240418906000497
12,4,crucigrama,4,136,3,1,0,6,3,0.06,0.81,0.22,0.3302303956875969
12,4,crucigrama,3,97,3,0,1,6,3,0.29,0.58,-0.11,0.5171804338454248
9,6,memoria,5,145,1,1,0,6,3,0.17,0.73,0.01,0.3137313356974782
10,6,sopa_letras,5,170,5,1,0,8,1,0.01,0.55,0.01,0.24286899168075982
10,5,memoria,4,248,2,1,0,8,1,0.48,0.81,0.25,0.4534781014684105
12,6,crucigrama,3,184,4,0,1,7,3,-0.16,0.73,0.22,0.5244214231274783
11,5,relacionar,2,179,3,2,1,10,5,0.08,0.64,-0.05,0.5697512654805732
11,4,relacionar,5,91,4,1,0,9,5,-0.02,0.96,-0.12,0.3527976307369116
9,6,crucigrama,1,267,5,0,1,9,5,-0.2,0.54,0.13,0.4588874187377111
11,4,sopa_letras,2,81,4,0,0,9,5,0.02,0.55,0.23,0.23561937326505442
11,5,memoria,1,108,1,3,0,7,1,-0.14,0.92,0.13,0.31202304161248673
11,5,memoria,2,102,1,2,1,7,2,0.25,0.71,-0.17,0.525829987005483
12,4,sopa_letras,2,151,3,1,1,9,2,0.14,0.82,0.1,0.5841153799963237
11,6,relacionar,1,226,2,3,0,10,4,0.02,0.81,0.05,0.3641781469068077
11,4,memoria,5,152,3,3,0,6,1,0.41,0.63,0.14,0.2657613674282734
12,5,relacionar,4,228,1,2,1,7,3,0.27,0.8,-0.11,0.6125267709345328
9,4,memoria,3,272,1,3,1,5,3,-0.03,0.77,-0.02,0.4978778228069165
9,5,relacionar,1,180,2,3,1,9,2,0.33,0.97,-0.08,0.6404779011024024
9,4,sopa_letras,1,287,3,3,0,7,5,-0.18,0.67,0.27,0.1388634407316562
11,6,memoria,4,134,3,2,0,9,5,0.4,0.88,0.15,0.3890754049983194
12,4,memoria,4,296,3,2,0,5,1,0.07,0.54,-0.04,0.22234925890319512
9,6,sopa_letras,5,119,3,1,1,8,3,0.17,0.63,-0.02,0.6677163341698318
9,6,sopa_letras,2,269,5,0,1,6,2,0.04,1.0,-0.11,0.6810163107306233
9,4,crucigrama,5,158,4,0,1,6,3,0.21,0.9,-0.11,0.6557264241329235
12,5,relacionar,3,148,5,3,1,6,1,0.08,0.6,0.15,0.49722601278249917
9,5,relacionar,5,135,4,2,1,7,5,-0.08,0.64,-0.01,0.5320331190901376
11,6,sopa_letras,1,258,1,2,1,9,3,0.23,0.51,0.12,0.5471120962383615
9,4,memoria,1,106,5,2,1,6,5,-0.07,0.51,-0.1,0.38100789487794734
10,6,sopa_letras,1,203,3,3,0,5,1,0.35,0.56,0.05,0.2108440629584564
9,6,crucigrama,1,231,1,1,0,8,5,0.4,0.86,0.27,0.3410710970156116
10,5,sopa_letras,2,223,4,3,1,5,3,0.32,0.91,-0.07,0.591120892021523
10,4,crucigrama,4,187,2,2,1,5,3,0.01,0.56,-0.16,0.5537629527649403
9,6,sopa_letras,2,122,2,0,0,5,2,0.23,0.55,0.17,0.28416049903062696
12,5,relacionar,5,267,4,2,1,6,2,-0.17,0.52,-0.12,0.4657102146818197
11,6,crucigrama,5,201,3,2,0,8,4,-0.03,0.71,0.09,0.35310285434411703
10,6,sopa_letras,2,140,4,2,0,9,2,0.02,0.82,0.22,0.3737786656136594
9,5,sopa_letras,5,230,1,1,1,7,3,0.01,0.94,0.09,0.5893562938791459
12,6,sopa_letras,2,236,2,2,1,10,1,0.28,0.58,0.2,0.6131019401285915
9,6,relacionar,4,176,2,3,1,10,2,-0.14,0.6,0.14,0.5649320865185552
12,4,relacionar,4,169,4,1,1,6,3,-0.17,0.91,0.3,0.6350364455932836
9,5,sopa_letras,2,224,5,1,1,10,1,-0.09,0.66,0.1,0.5850479051817158
10,4,relacionar,4,161,2,2,1,9,2,-0.19,0.89,0.27,0.5835555016385714
10,5,relacionar,2,90,4,1,1,8,4,0.18,0.74,-0.07,0.6255795974365026
9,5,sopa_letras,4,119,1,0,0,8,4,0.42,0.68,0.19,0.4103159538698939
9,4,relacionar,3,88,5,1,0,6,3,0.2,0.82,0.15,0.4087315453538294
9,6,memoria,3,229,2,2,1,5,5,0.18,0.65,0.0,0.5714683581306292
10,6,crucigrama,5,212,3,1,1,10,1,0.46,0.73,0.09,0.5782358364393024
9,6,sopa_letras,2,126,1,3,0,7,5,-0.12,0.84,0.04,0.22704919912954974
9,5,crucigrama,5,227,5,2,1,9,4,0.18,0.51,0.04,0.6157686696833633
10,4,memoria,5,88,4,0,0,8,5,-0.02,0.69,0.12,0.2826326144455279
9,4,memoria,2,81,2,3,0,7,5,0.11,0.92,0.14,0.34029449100223047
11,4,crucigrama,1,128,3,0,1,6,1,0.07,0.5,-0.07,0.423645971977499
9,4,crucigrama,1,260,2,3,0,7,5,0.3,0.6,0.14,0.32813587917374626
11,6,crucigrama,5,151,4,2,0,10,4,-0.11,0.77,0.15,0.38785583004709845
11,5,memoria,1,124,2,3,0,5,5,-0.11,0.52,-0.13,0.20073885195686156
10,5,memoria,2,175,4,1,0,8,4,0.04,0.61,-0.01,0.20282609572300542
12,4,sopa_letras,2,262,4,0,1,9,3,-0.02,0.63,0.03,0.5476928747684504
12,5,sopa_letras,1,244,3,3,1,7,5,0.19,0.96,0.13,0.588210607219619
11,6,sopa_letras,3,143,2,0,0,10,2,0.18,0.79,0.02,0.3668483865897742
9,4,relacionar,1,120,2,1,0,5,3,0.15,0.93,-0.07,0.3197588645160375
9,6,relacionar,2,147,5,2,1,9,5,0.26,0.61,0.05,0.5315008577527447
12,6,sopa_letras,4,85,5,0,0,7,4,0.04,0.61,-0.01,0.3472652869111741
11,4,sopa_letras,3,255,2,0,0,6,1,0.01,0.8,0.14,0.26458800915484837
9,4,crucigrama,1,186,1,0,0,9,2,0.31,0.5,-0.04,0.338807816256104
11,6,crucigrama,3,139,5,3,1,6,4,0.1,0.69,0.06,0.5539848992477118
9,4,relacionar,5,145,2,3,0,7,4,-0.15,0.65,-0.05,0.28260960480271996
12,6,crucigrama,1,267,5,0,1,6,5,0.12,0.95,-0.01,0.5221185762427931
10,5,relacionar,3,287,3,3,1,6,1,0.43,0.62,0.04,0.6460934924989651
9,4,sopa_letras,5,83,3,1,1,9,1,0.29,0.54,-0.1,0.6655043785565083
11,6,relacionar,2,116,3,0,1,10,3,0.3,0.82,-0.04,0.6990412014476786
9,4,sopa_letras,1,245,1,3,0,7,5,0.12,0.92,0.08,0.31334414060660604
9,5,memoria,2,134,3,1,0,9,1,0.36,0.94,-0.15,0.42464044450989924
12,4,memoria,1,202,4,1,0,8,5,0.29,0.76,0.17,0.21171037939347853
9,4,sopa_letras,1,241,1,0,1,8,1,0.49,0.68,-0.03,0.6112036376309643
10,4,relacionar,3,201,3,3,1,9,3,0.01,0.51,-0.13,0.5018049917326728
9,6,sopa_letras,5,270,3,1,0,8,1,0.39,0.5,0.08,0.29898081945394617
12,4,memoria,3,286,3,0,0,8,4,0.08,0.95,0.16,0.3353859111740809
10,4,crucigrama,5,145,1,3,1,10,3,0.34,0.68,-0.09,0.5689230599927164
10,4,sopa_letras,4,248,2,3,0,8,1,0.24,0.74,-0.12,0.31722378925088573
9,5,relacionar,1,227,1,3,0,9,1,0.19,0.75,-0.06,0.28155054207212
9,6,crucigrama,4,186,2,0,0,6,1,0.16,0.99,-0.03,0.3330873190751466
12,5,memoria,5,258,4,3,0,10,2,0.41,0.53,0.23,0.4425711268096084
11,5,relacionar,4,163,1,1,1,5,3,0.26,0.72,-0.04,0.5888110899474855
11,5,relacionar,4,170,2,3,1,5,3,0.09,0.86,0.25,0.5956033630227207
10,5,relacionar,1,150,5,0,0,5,3,0.25,0.55,-0.07,0.2944610880155181
12,5,sopa_letras,2,194,3,0,1,10,2,-0.02,0.6,0.18,0.5558007095206177
9,6,crucigrama,5,204,2,3,1,9,2,0.42,0.67,0.1,0.6185814690737993
11,6,crucigrama,3,247,4,0,0,8,5,-0.16,0.64,0.08,0.27954747194227586
11,5,relacionar,4,244,4,0,0,5,2,0.37,0.52,-0.01,0.2313475823642371
10,5,crucigrama,1,135,5,0,1,7,3,0.33,0.94,0.04,0.5003736214507327
12,6,sopa_letras,3,187,3,2,0,7,5,-0.19,0.72,-0.04,0.31723301211517035
9,5,memoria,4,294,5,0,1,5,3,0.21,0.58,0.15,0.5468394149387523
11,5,crucigrama,1,88,4,1,1,8,2,0.13,0.79,-0.0,0.5185306284455591
12,6,sopa_letras,5,216,3,0,0,5,3,-0.15,0.9,0.06,0.3080658493206296
11,6,sopa_letras,3,230,2,3,0,6,2,-0.09,0.91,-0.13,0.33001166416703825
12,4,sopa_letras,4,128,5,2,0,10,2,-0.05,0.51,-0.15,0.33080421338586136
10,5,sopa_letras,3,192,1,2,1,7,4,0.03,0.58,0.17,0.48505406246557514
12,4,sopa_letras,1,230,4,1,1,5,2,0.22,0.92,0.08,0.44738921044776236
10,5,memoria,1,148,5,2,1,6,2,0.41,0.51,0.01,0.3902152640667132
10,6,memoria,4,119,1,0,0,6,4,-0.02,0.7,0.3,0.3237705532800231
10,4,memoria,4,300,1,3,0,7,5,-0.13,0.58,0.18,0.26573469187604465
12,5,memoria,3,229,2,0,0,5,4,0.02,0.57,0.12,0.24384882924039192
10,5,memoria,4,214,1,0,1,10,1,-0.08,0.64,0.11,0.5889107539703405
12,4,sopa_letras,4,144,1,2,0,6,3,0.13,0.57,0.26,0.34711141673648577
11,6,sopa_letras,5,114,3,0,1,6,4,0.36,0.82,0.03,0.4902487746812299
10,4,sopa_letras,2,167,3,1,1,9,2,0.36,0.98,0.05,0.6703766709212637
10,4,memoria,3,292,3,2,0,5,4,0.14,0.65,0.28,0.20953796021813895
9,4,memoria,3,205,5,1,1,7,4,-0.18,0.68,0.12,0.46290145706360913
11,5,memoria,1,212,2,2,1,6,4,-0.04,0.73,0.3,0.5005083289241249
11,4,sopa_letras,4,186,4,0,1,8,5,0.33,0.84,-0.08,0.6877329027732659
10,6,crucigrama,1,129,3,0,1,7,1,0.47,0.51,-0.12,0.6079313057584133
9,6,crucigrama,2,209,5,1,0,8,2,0.47,0.78,0.18,0.4796823521421885
10,6,crucigrama,3,130,1,1,1,7,2,0.25,0.74,0.26,0.6395810781642095
11,5,sopa_letras,2,95,5,0,0,8,4,0.06,0.88,-0.11,0.40388583132196637
11,4,sopa_letras,2,278,5,0,1,10,5,0.35,0.86,0.19,0.557320618692591
12,6,sopa_letras,2,167,3,0,0,8,3,-0.14,0.66,-0.14,0.30066786651011257
11,4,memoria,2,80,3,0,0,9,5,0.42,0.83,0.05,0.3904681211205959
9,6,memoria,1,166,4,3,0,9,1,0.0,0.74,-0.19,0.21783166702877577
9,6,sopa_letras,1,234,4,0,0,6,4,0.01,0.97,0.12,0.26806041672026215
11,6,memoria,2,230,5,1,1,8,5,0.06,1.0,0.28,0.6378042330032603
10,5,crucigrama,4,97,3,1,1,6,5,-0.01,0.67,0.03,0.6099450311454152
9,6,relacionar,1,162,2,0,0,5,1,0.18,0.6,-0.08,0.2702004388842615
10,6,memoria,3,202,4,0,0,7,1,0.14,0.66,0.16,0.35592581203845525
11,5,memoria,1,245,4,3,1,6,4,-0.03,0.85,0.13,0.5097982887174272
10,5,crucigrama,4,260,1,3,0,5,1,0.15,0.72,0.09,0.2841499254964957
11,4,relacionar,2,287,5,2,1,8,5,0.33,0.67,-0.17,0.5404256835722345
9,4,memoria,3,148,1,2,1,8,3,-0.07,0.75,0.15,0.641917037235604
12,4,relacionar,3,282,1,3,1,9,5,0.04,0.85,0.11,0.5885192410559013
12,5,memoria,3,93,4,2,0,6,3,0.19,0.6,-0.14,0.2805270386310896
9,6,memoria,2,273,2,0,0,7,5,-0.11,0.74,0.09,0.2423428538277913
10,4,relacionar,1,85,4,0,1,9,1,-0.07,0.83,0.28,0.5956087520338139
11,5,relacionar,4,81,4,0,0,10,4,-0.13,0.84,0.04,0.28456221703178897
12,6,relacionar,1,243,3,2,1,10,5,0.46,0.55,-0.08,0.5757332944774647
9,4,crucigrama,2,174,5,3,0,7,2,0.21,0.54,0.02,0.26444890232536167
11,6,crucigrama,3,279,3,1,1,5,2,0.06,0.72,-0.01,0.5182559277599347
12,4,sopa_letras,3,119,1,2,1,8,3,0.3,0.93,-0.02,0.6179103199443028
10,6,relacionar,1,86,1,2,1,10,2,-0.08,0.56,0.13,0.5038407345883449
11,5,relacionar,3,90,1,3,1,7,1,0.08,0.89,0.17,0.5227416246173537
12,4,crucigrama,4,246,4,1,0,8,5,0.08,0.57,0.19,0.38797103089904883
10,6,crucigrama,4,225,3,1,1,10,3,0.08,0.85,-0.19,0.6680708518025018
10,4,sopa_letras,3,90,3,2,0,9,3,-0.06,0.97,0.04,0.4003309509068181
12,6,sopa_letras,4,155,2,2,1,10,5,0.36,0.77,-0.06,0.6736810181308308
12,4,relacionar,2,295,5,0,0,10,2,0.29,0.63,0.01,0.3369951382149155
10,6,sopa_letras,5,289,4,3,1,6,4,0.24,0.55,0.17,0.5906949708048026
11,5,sopa_letras,2,104,1,0,0,9,1,0.08,0.99,0.02,0.33887217169560624
10,4,relacionar,1,195,2,0,1,9,3,-0.15,0.74,0.21,0.5044854631556778
12,4,crucigrama,1,189,3,3,0,8,3,-0.11,0.79,0.17,0.2540209255387517
10,4,crucigrama,4,154,4,2,1,5,2,-0.15,0.95,0.26,0.5998798830415563
12,4,relacionar,4,134,4,1,0,6,3,-0.11,0.74,-0.04,0.30595148475224276
11,5,memoria,4,240,4,3,1,6,1,0.28,0.6,0.02,0.6004374479676166
10,4,memoria,3,203,5,2,0,7,5,0.47,0.55,0.26,0.35777599970125984
9,6,memoria,5,118,3,0,1,5,3,0.14,0.82,0.13,0.6409283292648262
9,6,crucigrama,2,164,1,2,0,10,2,0.15,0.86,-0.04,0.352519076108818
9,6,crucigrama,1,108,2,2,1,10,4,0.47,0.63,0.12,0.6133873612915375
12,5,sopa_letras,5,258,5,1,1,7,3,0.19,0.59,0.05,0.590312716926545
11,6,sopa_letras,4,101,3,3,1,10,5,0.37,0.61,0.26,0.6615906822228087
12,6,sopa_letras,1,155,1,3,1,6,4,0.31,0.8,0.11,0.6265861702802178
11,5,memoria,2,182,1,2,1,10,2,0.13,0.85,0.06,0.678685782717095
11,6,relacionar,3,131,2,1,1,8,1,0.1,0.54,0.09,0.47961906349485417
10,4,crucigrama,3,220,3,3,1,9,5,0.12,0.55,-0.18,0.5329131077057936
12,4,sopa_letras,2,294,5,1,1,5,1,0.1,0.8,-0.04,0.5099002731713742
10,4,memoria,5,287,3,3,1,10,5,0.14,0.63,0.0,0.60907626263631
9,6,relacionar,1,86,2,2,0,5,3,-0.19,0.56,0.04,0.21346082859743504
10,6,crucigrama,2,296,1,1,1,5,5,-0.07,0.61,0.27,0.46776977957945776
11,5,memoria,4,195,4,1,0,9,3,-0.17,0.5,-0.07,0.21123157553265845
12,5,memoria,3,195,5,2,1,8,4,0.48,0.99,0.11,0.7275757604186031
10,5,memoria,4,240,4,3,1,7,3,-0.04,0.81,0.22,0.5951124907867336
9,4,relacionar,2,127,1,3,1,6,3,0.3,0.68,0.13,0.5894894105743481
12,5,crucigrama,2,151,4,2,1,6,5,0.2,0.83,0.21,0.6440829140505483
12,5,sopa_letras,1,261,4,3,0,7,4,-0.01,0.56,0.05,0.27852176977181375
12,6,relacionar,1,139,1,2,0,8,5,-0.19,0.78,-0.03,0.2836075825839966
9,5,crucigrama,2,125,5,2,0,10,5,0.32,0.94,0.05,0.3706006966265708
10,5,sopa_letras,3,215,4,3,1,7,2,0.19,0.57,0.09,0.5355855327620338
10,6,relacionar,5,131,5,2,0,10,3,0.33,0.55,0.26,0.32444533305300177
10,6,crucigrama,2,215,3,2,0,5,4,-0.15,0.62,0.1,0.32182532145594295
11,5,memoria,3,122,2,1,1,5,2,0.03,0.61,0.04,0.49729606303204704
9,5,sopa_letras,2,201,1,3,0,9,4,-0.02,0.54,0.04,0.3128591162412873
12,6,memoria,5,220,3,2,0,5,1,0.27,0.85,-0.01,0.4079082504599689
11,4,sopa_letras,1,250,2,2,0,9,3,0.31,0.91,-0.2,0.3648973511259275
9,4,relacionar,1,144,1,0,0,7,1,-0.18,0.65,-0.14,0.2833975244853843
11,6,crucigrama,1,164,2,0,0,9,5,0.16,0.64,0.11,0.22793634305040053
12,6,crucigrama,1,250,1,3,0,8,5,-0.1,0.62,0.26,0.2869725861886591
12,5,relacionar,4,153,3,0,0,6,5,0.38,0.65,-0.1,0.3459275354674479
9,4,sopa_letras,3,298,4,2,1,8,3,0.27,0.7,0.07,0.5415256558171753
12,6,crucigrama,1,237,4,1,0,7,2,0.38,0.59,-0.1,0.323191636725364
10,5,sopa_letras,5,102,2,0,0,8,3,-0.17,0.64,-0.04,0.3548578893689445
9,4,sopa_letras,1,241,5,0,1,8,4,-0.09,0.9,0.09,0.6276923914422486
10,4,memoria,5,95,2,1,0,5,1,-0.14,0.66,0.23,0.3525207032278089
9,4,crucigrama,4,251,3,2,1,6,4,0.27,0.69,-0.02,0.4886477553334081
9,4,crucigrama,5,292,2,2,1,5,1,0.33,0.64,-0.18,0.5730490929912384
9,4,sopa_letras,1,105,5,3,1,10,3,-0.18,0.6,-0.11,0.5339945770286935
10,5,sopa_letras,3,179,2,2,1,9,5,0.1,0.57,-0.18,0.5632515458162667
9,5,memoria,3,88,3,0,0,5,4,0.26,0.73,0.2,0.41006518826299254
11,4,relacionar,4,91,1,1,1,6,3,-0.15,0.67,-0.13,0.5271023613319528
12,4,crucigrama,1,274,1,0,1,5,4,0.38,0.91,-0.08,0.48107431858057603
9,4,sopa_letras,1,101,2,2,0,9,1,0.31,0.89,-0.06,0.3319917019528537
12,5,crucigrama,4,122,3,2,1,5,5,-0.15,0.94,-0.11,0.5826833841725573
10,5,memoria,3,277,2,0,1,7,2,-0.06,0.53,0.01,0.4692135823026023
10,5,sopa_letras,4,217,5,0,0,6,5,-0.1,0.87,-0.11,0.3206452278091639
12,4,memoria,5,86,1,3,1,9,1,0.47,0.7,0.12,0.7303834331886709
9,5,sopa_letras,5,164,4,1,1,5,2,0.42,0.95,0.2,0.6534622131255635
10,5,crucigrama,1,261,4,3,1,6,1,-0.08,0.6,0.16,0.45907232914501916
11,4,memoria,2,274,1,1,1,10,2,-0.03,0.61,-0.13,0.5574503672652142
11,6,memoria,3,207,2,1,0,9,3,0.07,0.83,0.03,0.3315572745149243
10,5,memoria,2,178,2,0,1,8,1,0.46,0.89,0.23,0.6159035718662913
9,5,crucigrama,5,118,5,1,1,7,1,0.41,0.77,0.08,0.6278719154756658
9,4,crucigrama,5,98,5,3,1,9,1,0.47,0.7,-0.07,0.6912732852425102
9,4,relacionar,3,118,5,3,0,6,1,0.47,0.64,-0.18,0.35359809977421197
12,4,sopa_letras,4,137,4,2,1,5,4,0.11,0.54,-0.07,0.5223936406985963
12,5,memoria,2,178,3,2,1,6,5,-0.12,0.9,0.07,0.5798582859941764
11,4,relacionar,1,211,2,2,1,6,4,0.48,0.83,0.16,0.6573416565593876
9,4,relacionar,3,235,2,1,1,5,5,-0.05,0.66,-0.17,0.5583885430151293
9,5,memoria,2,253,2,3,1,6,3,0.06,0.76,-0.01,0.47805170983678624
11,6,memoria,4,99,1,1,1,10,3,0.33,0.93,-0.03,0.808979229655547
11,6,relacionar,1,203,2,0,0,9,2,0.45,0.69,-0.12,0.28180840865821377
10,6,relacionar,2,290,4,1,1,6,1,-0.11,0.69,-0.03,0.5068016830297093
12,5,memoria,3,121,5,0,0,9,5,-0.11,0.77,-0.19,0.3209534683531802
9,6,memoria,5,112,1,0,1,7,2,0.19,0.56,-0.17,0.5982552282994149
10,6,relacionar,3,107,2,2,0,10,1,0.32,0.57,0.04,0.3693099573486941
10,4,sopa_letras,4,282,5,0,0,9,4,-0.04,0.62,0.23,0.23649519260411556
11,4,memoria,1,111,4,1,0,6,1,-0.09,0.63,-0.13,0.1682698176034231
11,6,sopa_letras,1,84,4,2,0,10,2,0.46,0.96,-0.08,0.4750280900371289
10,4,relacionar,5,246,2,3,0,5,3,0.12,0.5,-0.09,0.20868640390509213
11,5,memoria,5,194,1,0,0,5,5,0.39,0.79,0.21,0.346362067150451
9,4,crucigrama,1,132,2,2,1,5,4,0.15,0.65,-0.15,0.36520795737765566
11,6,crucigrama,3,94,5,0,1,8,2,-0.17,0.76,-0.17,0.5454618500856111
9,4,memoria,3,193,3,3,1,8,2,-0.13,0.58,0.15,0.6076935572086206
9,4,relacionar,5,94,1,2,1,7,5,-0.15,0.57,0.05,0.577858591190239
12,6,relacionar,5,113,4,0,0,9,2,0.44,0.96,0.28,0.48708647034859626
12,6,crucigrama,2,256,3,3,1,5,4,0.31,0.98,-0.1,0.5100737181323596
11,4,sopa_letras,3,240,2,1,1,7,2,-0.01,0.82,0.0,0.5889690474359333
12,5,sopa_letras,1,220,3,3,0,10,3,0.34,0.99,-0.12,0.30561169949506034
11,4,memoria,3,244,5,1,0,6,2,0.49,0.9,-0.17,0.35625810011825954
9,6,memoria,1,216,4,0,1,6,2,-0.06,0.59,0.25,0.5126877095032963
10,4,memoria,1,116,5,1,1,9,4,0.14,0.52,-0.14,0.528164243752292
9,4,crucigrama,1,270,4,1,1,9,4,0.15,0.9,0.08,0.6352321873800243
10,5,crucigrama,4,111,2,1,0,10,2,0.3,0.85,0.27,0.4276122235079228
10,6,memoria,2,115,4,0,0,10,2,0.26,0.51,-0.01,0.25187384656485073
12,5,crucigrama,2,139,3,1,0,10,4,0.1,0.58,-0.01,0.32491261988713066
11,4,relacionar,5,277,3,1,0,9,2,0.03,0.66,-0.1,0.41770503395510294
11,4,relacionar,5,272,3,3,1,8,5,0.02,0.86,0.12,0.6258863394525509
12,6,sopa_letras,2,163,3,3,0,10,4,-0.09,0.91,0.06,0.2971502114450568
10,4,relacionar,3,97,5,0,1,6,5,-0.15,0.6,0.14,0.6074604652597269
11,5,memoria,4,255,3,3,0,10,1,0.04,0.9,-0.01,0.42631803915922156
10,4,sopa_letras,3,138,1,3,0,9,3,0.4,0.55,0.23,0.3125550408158596
11,6,memoria,3,149,2,2,0,10,4,0.15,0.54,0.12,0.3443498134066167
12,5,crucigrama,5,189,5,2,1,10,2,-0.13,0.74,-0.17,0.496122870642118
9,5,sopa_letras,5,153,5,2,1,5,2,0.19,0.69,-0.07,0.6068500936025993
10,4,sopa_letras,5,139,4,3,0,8,3,0.21,0.94,-0.03,0.30423811673983175
12,5,relacionar,2,147,2,0,0,7,5,0.08,0.96,0.14,0.377048564305342
12,4,relacionar,5,135,4,3,0,8,5,0.01,0.84,-0.11,0.4440420479332653
12,5,sopa_letras,2,196,3,2,1,10,1,0.36,0.63,0.04,0.5824214681777391
12,6,crucigrama,2,167,3,0,0,10,5,0.49,0.94,0.0,0.48573179514546316
11,5,relacionar,5,113,2,3,1,6,3,0.28,0.84,-0.03,0.6898567023023254
10,4,relacionar,5,258,3,0,1,6,1,0.03,0.7,0.11,0.5920930104959718
9,6,sopa_letras,3,135,3,3,1,6,5,-0.17,0.65,-0.13,0.5369889400293121
11,4,relacionar,1,235,2,0,1,6,4,-0.13,1.0,0.22,0.5398087282829119
12,4,relacionar,5,279,3,2,0,6,4,0.07,0.57,-0.15,0.3390337181031801
12,4,sopa_letras,1,189,3,3,0,5,5,-0.12,0.99,-0.15,0.28256259703695147
11,6,crucigrama,2,172,3,3,1,9,2,0.47,0.64,0.14,0.5370600027961041
12,6,crucigrama,4,89,1,0,1,7,3,0.14,0.73,-0.02,0.4758851130520964
10,4,sopa_letras,3,177,2,3,0,5,4,0.32,0.71,0.21,0.37389709930442144
9,4,memoria,5,193,5,3,1,10,3,0.41,0.68,-0.02,0.6159446552791938
10,4,memoria,3,118,2,0,1,8,3,0.49,0.53,0.28,0.5996906731483588
10,5,crucigrama,1,94,3,1,0,7,2,-0.03,0.87,-0.15,0.2499115895352138
9,4,memoria,2,123,2,2,0,10,5,0.33,0.66,0.07,0.287419131876
11,5,relacionar,4,163,5,0,0,7,3,0.11,0.87,0.09,0.3587058342545939
10,5,sopa_letras,5,234,3,2,0,10,4,-0.02,0.64,0.09,0.3954212418588372
12,4,memoria,1,279,3,2,0,5,3,0.06,0.86,0.05,0.2755261549201377
12,5,relacionar,3,123,2,3,0,9,5,0.27,0.53,0.02,0.3021263388041001
11,5,crucigrama,4,276,2,3,0,6,3,0.19,0.8,0.18,0.3955585559992088
11,6,relacionar,5,131,5,0,1,9,1,-0.04,0.55,-0.17,0.6371991550852121
11,6,crucigrama,4,195,2,1,0,5,3,-0.01,0.85,0.11,0.356348209199107
9,6,memoria,2,244,2,2,0,7,2,0.03,0.74,-0.06,0.28906106034173434
10,6,memoria,1,112,1,2,0,5,2,0.23,0.79,-0.11,0.23870906758014954
12,6,crucigrama,2,218,4,0,0,8,5,0.03,0.79,-0.12,0.28673375039523774
9,6,relacionar,4,287,4,0,1,5,4,0.22,0.95,0.29,0.6014657134251182
12,6,relacionar,4,187,3,3,0,6,3,0.03,0.61,-0.18,0.28522492188973403
12,4,memoria,2,242,3,3,0,9,5,0.21,0.71,-0.0,0.3490110798233383
9,4,crucigrama,4,87,1,0,0,5,5,0.39,0.55,0.16,0.3008794816890599
9,4,relacionar,3,196,1,2,1,9,3,0.23,0.66,0.15,0.6523912479073669
12,6,sopa_letras,1,247,5,3,0,5,3,0.13,0.94,-0.06,0.3655284322785153
12,6,relacionar,5,265,3,3,0,9,1,0.15,0.61,-0.2,0.41464538268277273
12,4,relacionar,4,137,4,1,1,5,1,-0.09,0.89,0.09,0.5678427809252189
10,6,crucigrama,2,232,3,3,1,10,2,0.07,0.85,0.25,0.6636756607359537
9,4,memoria,4,277,5,3,0,6,3,-0.1,0.61,-0.12,0.19824998656802154
11,5,relacionar,2,140,2,1,0,10,1,-0.08,0.8,0.02,0.35263796353681603
10,5,relacionar,2,238,1,2,1,9,5,-0.2,0.71,0.17,0.4491314155593924
9,4,memoria,1,251,2,3,1,6,2,0.33,0.73,0.12,0.5054485511086334
12,6,crucigrama,3,104,2,0,1,8,4,0.07,0.62,0.26,0.5171318191519317
12,4,memoria,4,233,2,3,1,9,4,-0.17,0.97,0.03,0.6515882393254933
12,6,memoria,4,140,2,2,1,7,2,0.19,0.85,-0.12,0.6555527433871103
10,5,memoria,5,119,1,3,0,10,5,0.43,0.82,0.02,0.5335660484396851
11,4,relacionar,4,99,5,1,1,7,2,0.37,0.56,0.21,0.6038793272142472
9,4,sopa_letras,2,299,4,0,1,5,2,0.4,0.64,0.21,0.5931501579129954
12,4,memoria,2,142,1,0,1,6,4,-0.19,0.99,-0.13,0.6341423105420189
11,4,relacionar,2,219,2,0,1,10,4,0.1,0.95,-0.12,0.7284416550144766
9,6,crucigrama,2,231,2,0,0,7,3,-0.01,0.66,0.11,0.2460658416189504
10,5,memoria,1,239,2,3,0,6,4,0.04,0.92,-0.15,0.2783481442360958
10,6,sopa_letras,1,231,3,0,1,10,3,0.02,0.87,-0.13,0.5741113514758145
9,6,crucigrama,4,239,1,0,0,7,3,-0.06,0.84,0.16,0.44924504317313846
9,4,memoria,2,177,3,2,1,10,4,0.11,0.87,0.11,0.5819259073681736
11,5,sopa_letras,2,86,1,2,0,6,3,0.39,0.68,0.09,0.40310165392952635
11,6,relacionar,2,104,5,3,0,5,5,0.09,0.83,-0.17,0.39670204511394735
11,4,crucigrama,5,286,2,0,0,5,4,0.07,0.98,-0.13,0.34390067630829774
11,6,relacionar,5,166,4,0,1,7,4,-0.19,0.96,-0.18,0.5967838027989584
9,4,relacionar,3,197,5,2,0,10,3,-0.02,0.64,0.14,0.3072001647729645
9,5,crucigrama,2,148,1,1,1,9,5,0.4,0.99,0.1,0.7293988014735293
10,5,relacionar,5,175,4,0,1,8,3,0.47,0.59,0.08,0.6113316916496842
9,5,relacionar,4,207,4,0,0,9,1,0.36,0.55,0.18,0.3025691294967934
11,6,crucigrama,5,163,5,1,0,5,2,0.08,0.53,0.17,0.33799428338583926
10,5,crucigrama,2,207,5,2,1,10,3,0.25,0.95,0.07,0.586780497208835
9,4,crucigrama,1,239,5,3,1,9,5,-0.15,0.63,0.19,0.5929325529030929
12,5,memoria,1,209,1,1,1,6,3,0.18,0.68,-0.19,0.50762738549352
10,4,sopa_letras,5,264,3,0,1,7,3,0.14,0.57,-0.19,0.5548749530546322
11,6,memoria,4,102,2,0,1,5,1,-0.09,0.91,-0.09,0.5462489499987158
11,6,relacionar,2,254,1,2,1,8,1,0.34,0.64,-0.16,0.6711155177463041
11,5,relacionar,5,162,2,3,1,8,2,-0.06,0.53,-0.07,0.5069585451623017
10,6,crucigrama,4,129,4,2,0,10,1,0.33,0.81,-0.0,0.42977353470126123
9,4,memoria,5,202,1,3,1,6,3,0.37,0.8,0.18,0.6836567601052947
10,6,crucigrama,2,95,2,1,1,8,5,-0.17,0.94,0.22,0.6505339899997249
11,4,memoria,1,158,5,2,1,9,2,0.32,0.96,-0.14,0.6183064601390775
10,5,memoria,1,167,2,1,0,10,5,-0.04,0.84,-0.18,0.30783314867610223
12,5,crucigrama,2,297,3,2,1,8,3,-0.12,0.56,-0.09,0.562187897268242
11,4,sopa_letras,3,228,3,3,1,7,5,-0.12,0.82,-0.15,0.6413568442768055
10,5,relacionar,4,203,5,3,1,7,2,0.46,0.95,0.27,0.6411384576822969
11,6,memoria,3,185,3,3,0,6,1,0.48,0.8,-0.14,0.3525256877691412
10,4,crucigrama,1,181,5,1,1,6,5,0.44,0.85,0.22,0.5215034623874875
12,6,memoria,5,146,4,0,0,6,1,-0.0,0.56,0.24,0.427999559986887
9,5,relacionar,2,113,1,1,1,8,3,0.16,0.58,-0.09,0.5465890550695741
11,4,relacionar,3,100,5,2,0,5,2,0.07,0.94,0.26,0.3423832244184232
10,4,relacionar,5,221,1,3,1,9,4,0.36,0.68,-0.04,0.6614942008796183
10,5,memoria,1,214,5,0,1,8,1,0.27,0.74,0.03,0.5842333164023101
9,5,relacionar,5,119,1,3,0,7,4,0.5,0.78,-0.05,0.3450726429801598
11,5,relacionar,2,252,5,3,1,5,5,-0.04,1.0,0.13,0.6025482503121142
10,5,relacionar,1,179,2,2,0,6,1,-0.15,0.56,-0.0,0.1593959161434694
10,6,relacionar,5,168,4,1,0,6,3,-0.08,0.72,-0.1,0.3114762771455178
12,5,memoria,4,131,3,0,1,9,4,0.19,0.79,-0.08,0.715336154225864
10,6,relacionar,4,125,3,3,1,5,4,0.02,0.87,0.23,0.6622628120626877
12,5,relacionar,2,151,2,3,0,7,2,0.18,0.67,-0.09,0.28479447103537275
11,4,crucigrama,3,208,4,3,1,5,5,0.1,0.69,0.2,0.5601419211997978
11,4,memoria,2,123,2,3,0,6,2,0.12,0.78,0.13,0.23955410686086884
11,4,crucigrama,4,205,5,0,1,5,3,-0.1,0.87,-0.17,0.6446855847402987
12,4,memoria,1,254,4,2,1,5,4,0.14,0.99,-0.18,0.5786536578932987
12,6,relacionar,4,254,5,0,0,10,2,0.47,0.52,0.08,0.31751536946722286
12,5,sopa_letras,1,191,2,3,1,5,2,0.14,0.58,-0.12,0.5117479613386581
12,6,sopa_letras,3,231,2,1,1,10,5,0.15,0.93,0.08,0.6558249096729281
10,4,sopa_letras,1,233,1,3,0,7,1,0.16,0.64,-0.18,0.2437938999263467
10,5,memoria,2,139,2,3,1,5,4,0.3,0.62,-0.14,0.5570680321625459
9,5,sopa_letras,2,179,2,3,0,9,5,-0.16,0.65,0.06,0.21976427103372798
9,6,relacionar,4,232,4,0,1,9,2,0.48,0.55,0.0,0.5881353565089712
9,6,crucigrama,3,159,2,0,1,10,4,-0.2,0.63,-0.04,0.6549895239534334
11,6,memoria,5,233,4,1,1,10,1,-0.05,0.52,0.16,0.6815936221987101
12,6,crucigrama,3,90,3,0,0,6,2,-0.19,0.84,-0.02,0.3488890382248987
10,4,sopa_letras,4,260,3,0,0,7,3,0.31,1.0,0.11,0.36858937406943204
10,4,crucigrama,1,93,4,2,1,6,4,0.0,0.64,-0.05,0.46217106275497116
12,6,crucigrama,4,224,2,1,0,5,2,0.0,0.75,-0.06,0.24764708885189451
12,4,crucigrama,1,272,1,1,1,10,4,0.44,0.91,0.26,0.668448496173918
10,4,memoria,4,256,3,1,1,6,1,0.05,0.93,-0.14,0.6229224301850812
11,5,sopa_letras,2,97,2,3,1,6,3,-0.08,0.72,-0.2,0.6052371825334557
9,6,crucigrama,1,82,5,3,0,6,1,0.19,0.65,-0.07,0.15748420312524258
11,5,sopa_letras,5,256,1,0,1,8,4,-0.03,0.87,-0.09,0.5782702356525755
9,6,relacionar,4,186,5,0,1,10,1,0.5,0.54,0.07,0.6596999037803539
9,5,relacionar,3,153,3,0,1,7,5,0.22,0.82,-0.04,0.5718910064099149
11,6,sopa_letras,3,179,2,3,1,9,5,-0.08,0.93,0.1,0.5963747845694363
9,4,memoria,4,149,3,0,0,8,2,0.24,0.89,0.11,0.37647564216741175
11,4,sopa_letras,2,143,5,2,0,6,4,-0.16,0.54,-0.12,0.1623587995891714
9,4,crucigrama,1,247,1,2,0,9,2,-0.05,0.65,0.19,0.3985549156410633
10,4,crucigrama,2,142,4,1,0,9,1,-0.02,0.66,0.29,0.33400015118001103
10,4,crucigrama,2,253,2,3,0,5,2,-0.03,0.63,0.23,0.1970161804738693
10,5,sopa_letras,2,136,1,0,1,8,3,0.14,0.84,0.24,0.5792604818692633
12,5,memoria,4,221,2,1,0,7,2,0.45,0.59,-0.09,0.31986610640764007
11,6,crucigrama,1,147,3,0,1,9,2,0.09,0.68,-0.17,0.5828008861712872
9,6,crucigrama,5,250,2,0,1,5,2,0.45,0.68,0.16,0.6043646478558286
12,6,crucigrama,4,184,3,3,1,9,4,0.42,0.87,0.06,0.7016636773266884
12,5,sopa_letras,3,276,4,1,1,8,3,-0.19,0.52,-0.11,0.5906736878935657
9,6,crucigrama,2,236,3,3,1,8,2,0.26,0.59,0.21,0.5733912365974495
12,6,sopa_letras,3,85,4,0,1,9,1,0.02,0.65,-0.13,0.6099928124072749
9,6,memoria,2,148,1,1,0,5,5,0.18,0.92,-0.09,0.27513377801556804
12,6,relacionar,2,106,1,0,1,9,2,0.27,0.97,-0.06,0.46820950910172027
12,4,memoria,4,259,5,0,1,6,5,0.22,0.66,0.06,0.5384340246705352
9,4,relacionar,2,120,4,1,1,8,1,0.23,0.55,0.16,0.474008955231184
12,5,crucigrama,4,162,5,3,0,8,5,0.43,0.8,0.29,0.40102977069330087
10,6,relacionar,1,153,2,2,1,7,5,-0.06,0.7,0.26,0.419831920229834
12,5,relacionar,2,103,1,2,1,5,4,0.2,0.84,0.28,0.5447191666771153
9,4,memoria,4,143,3,1,1,8,2,0.25,0.57,0.21,0.5927913770725467
9,5,memoria,4,117,5,2,1,6,1,0.43,0.68,-0.14,0.5456904877496374
10,6,memoria,2,155,4,3,0,8,2,0.24,0.95,0.08,0.35531091961140604
11,6,crucigrama,1,99,1,3,1,8,4,0.02,0.97,-0.06,0.5976526563545709
12,6,relacionar,5,245,1,3,1,10,3,-0.04,0.55,-0.16,0.7062959400346468
9,5,sopa_letras,5,256,5,0,1,8,5,0.3,0.84,0.15,0.6741385340323139
11,4,crucigrama,2,215,5,3,0,6,3,0.48,0.91,0.03,0.42941261432426664
9,5,memoria,4,283,2,2,0,8,5,0.03,0.58,-0.09,0.3302051686249943
11,5,relacionar,3,250,1,2,0,9,1,-0.15,0.97,0.07,0.37328344210670983
12,6,memoria,5,199,5,1,0,9,3,0.42,0.88,0.22,0.4625865598764856
10,6,relacionar,4,245,5,0,0,8,4,0.17,0.79,-0.11,0.3906905878193754
12,5,memoria,3,295,4,2,1,9,1,0.11,0.93,-0.15,0.6249042450139095
10,4,crucigrama,4,128,1,0,0,9,4,-0.12,0.58,0.24,0.35390065966908446
11,4,memoria,1,86,3,0,0,10,3,-0.2,0.96,0.17,0.39024712819814866
10,5,sopa_letras,5,231,5,3,1,5,2,0.05,0.71,-0.17,0.4895839383521601
11,4,memoria,2,185,4,1,1,7,5,0.27,0.81,0.09,0.5434218032904478
9,5,memoria,3,243,4,1,0,6,1,0.46,0.92,-0.13,0.32291170088847737
10,4,relacionar,4,143,4,1,1,10,5,0.23,0.94,0.01,0.6636788410118771
11,5,sopa_letras,1,119,5,0,1,7,5,-0.08,0.63,0.18,0.46538447140941813
10,4,memoria,4,160,1,1,1,8,5,0.14,0.93,0.0,0.6039630316686021
10,6,memoria,3,130,3,3,1,8,2,0.21,0.86,0.27,0.5941861452287853
10,4,memoria,3,293,3,0,1,7,3,0.26,0.74,0.13,0.6272689596959004
11,5,memoria,4,231,5,3,1,8,5,-0.03,0.75,0.18,0.612990798339063
10,4,memoria,5,298,3,1,1,10,3,0.27,0.64,0.3,0.6993587213498192
12,4,sopa_letras,1,205,5,0,0,6,5,0.15,0.6,0.03,0.17350550195440195
10,6,memoria,2,245,3,2,1,9,1,-0.12,0.88,-0.13,0.5912214781832601
11,4,crucigrama,2,262,3,2,0,9,5,0.03,0.55,-0.14,0.23673264081564188
10,4,memoria,3,278,3,1,1,8,1,0.41,0.74,-0.05,0.7131129513490321
12,5,crucigrama,5,272,1,0,1,9,3,-0.18,0.92,0.22,0.655223246337339
10,4,memoria,5,106,5,0,1,5,2,0.18,0.68,0.07,0.617469977265085
9,5,sopa_letras,2,265,5,3,1,10,1,0.4,0.66,-0.03,0.5948320589675476
10,6,relacionar,2,195,3,3,0,5,3,0.33,0.83,0.19,0.337685903111504
10,4,sopa_letras,5,126,3,3,0,5,1,0.16,0.51,-0.2,0.35997339839057363
9,6,relacionar,4,287,5,2,1,7,4,0.32,0.66,-0.16,0.5297161886757034
10,5,sopa_letras,2,124,5,1,1,6,3,0.35,0.7,0.07,0.5821970692497056
10,4,sopa_letras,5,232,3,1,1,10,5,0.49,0.89,0.05,0.7191271785950711
9,6,sopa_letras,2,100,3,2,1,6,2,0.48,0.7,0.16,0.660758255593323
12,5,relacionar,4,124,4,2,1,6,2,0.42,0.59,0.28,0.6011423810434325
12,4,relacionar,3,180,4,1,0,9,1,0.31,0.64,-0.18,0.35439991268519516
9,4,sopa_letras,1,218,4,2,1,7,1,0.32,0.54,0.24,0.5494894443417963
9,5,memoria,1,256,1,2,1,8,4,-0.14,0.59,-0.18,0.4809954597600047
12,4,relacionar,4,161,3,1,0,9,3,0.4,0.67,0.22,0.36624676376064974
9,6,crucigrama,1,148,5,1,0,9,1,0.31,0.89,0.16,0.3907995879484365
11,6,crucigrama,1,104,4,3,1,10,5,-0.0,0.99,0.03,0.5627535037746966
12,6,sopa_letras,5,113,5,1,1,9,4,0.39,0.84,-0.18,0.7056134750176023
10,6,relacionar,5,161,3,0,1,8,1,-0.01,0.69,0.06,0.6414103814970615
11,4,sopa_letras,1,285,3,1,1,6,4,-0.13,0.79,-0.11,0.5308567092539802
9,6,crucigrama,5,81,2,2,0,10,5,-0.01,0.91,0.03,0.39978009371498835
12,6,memoria,1,233,3,3,1,9,1,0.05,0.92,-0.18,0.5649836580593663
11,4,crucigrama,2,286,1,2,0,6,4,-0.19,0.74,0.12,0.3207852012625332
10,5,relacionar,1,278,5,2,0,7,1,0.36,0.78,0.05,0.2571206459312157
11,4,crucigrama,5,274,4,0,0,9,3,0.17,0.59,0.26,0.41899145789335956
10,5,memoria,2,289,2,2,1,10,5,-0.14,0.52,0.06,0.49010049942634676
9,5,crucigrama,5,83,4,0,1,8,2,0.36,0.75,-0.13,0.6240760131437159
9,6,relacionar,1,133,4,0,1,10,3,0.18,0.97,0.15,0.5723109993320025
11,5,relacionar,1,116,4,0,1,10,1,0.26,0.76,0.27,0.6246173633335922
10,4,crucigrama,1,155,5,0,1,9,5,0.25,0.8,-0.12,0.593457698267025
12,4,crucigrama,1,151,5,1,1,7,1,0.32,0.7,-0.04,0.6183821655927348
11,6,relacionar,3,200,3,2,1,10,1,0.07,0.95,-0.15,0.6875660943796364
11,4,crucigrama,3,214,1,1,0,7,5,-0.19,0.6,0.21,0.33366263268201646
10,5,memoria,2,105,3,0,0,10,2,0.02,0.68,-0.18,0.3641107870847903
11,4,sopa_letras,3,97,5,1,1,10,1,0.45,0.93,0.11,0.7325776969198622
11,4,relacionar,2,103,1,1,0,5,3,-0.01,0.56,-0.01,0.27526333161928074
12,4,crucigrama,1,93,5,1,1,8,4,0.17,0.97,0.09,0.6142407168610057
10,4,relacionar,2,222,4,3,0,9,3,-0.19,0.51,-0.0,0.35024790846008563
9,5,sopa_letras,3,171,5,2,0,9,3,0.17,0.83,0.16,0.4031564895758364
10,6,memoria,1,299,1,3,1,7,3,-0.06,0.52,0.12,0.4317975936440195
9,4,relacionar,2,96,1,1,1,10,2,-0.05,0.94,-0.13,0.604966893769511
10,4,crucigrama,4,142,4,2,1,7,4,0.11,0.57,-0.1,0.45753041490486146
9,6,crucigrama,2,81,4,3,1,9,3,0.19,0.7,0.17,0.4991489826186168
11,4,sopa_letras,1,266,2,1,0,8,3,0.1,0.53,0.17,0.27045918565236654
10,6,memoria,5,120,1,2,1,10,1,0.37,0.58,0.22,0.7190656399232441
9,5,relacionar,3,298,2,1,1,9,1,-0.02,0.86,0.19,0.6173872798470854
12,5,relacionar,2,225,5,1,0,8,1,0.46,0.56,0.26,0.3217967224895608
10,4,memoria,2,223,5,2,0,10,1,0.2,0.8,-0.03,0.44087999788078364
9,6,crucigrama,5,144,3,3,0,6,1,0.45,0.93,0.12,0.4853173711098609
12,4,relacionar,4,184,2,2,1,8,2,0.41,0.92,-0.05,0.6454462805732707
9,5,memoria,5,202,4,2,0,7,4,0.16,0.74,-0.04,0.31985041837845696
10,4,sopa_letras,3,206,2,2,1,9,4,0.37,0.95,0.22,0.6548176726308996
12,4,relacionar,5,277,1,0,1,8,1,0.16,0.72,-0.05,0.6888508669302287
11,4,crucigrama,2,242,4,1,0,7,3,0.18,0.6,0.28,0.2936147105652914
11,6,crucigrama,3,270,1,3,0,9,2,-0.08,0.67,-0.16,0.40763302170111415
11,4,sopa_letras,3,83,4,0,1,8,4,0.15,0.6,0.24,0.5266450739961888
10,4,memoria,3,110,2,2,0,8,2,0.1,0.72,-0.05,0.4060270582452891
11,4,relacionar,5,125,4,1,0,6,1,0.26,0.94,-0.06,0.3795576419370184
10,6,sopa_letras,1,267,5,2,1,6,2,-0.08,0.91,-0.18,0.5195305429709617
9,6,sopa_letras,3,229,1,2,1,6,5,0.04,0.95,-0.11,0.6173521433456743
12,5,sopa_letras,5,251,1,0,0,7,1,0.01,0.82,0.04,0.34692099134550514
12,4,crucigrama,2,184,2,0,0,7,5,0.47,0.67,-0.01,0.33810528154634634
12,6,memoria,5,151,5,3,0,9,2,-0.08,0.54,-0.13,0.3429517956628472
9,5,crucigrama,3,83,5,0,0,5,5,0.42,0.65,0.25,0.33135179434055106
11,4,relacionar,3,247,1,3,0,6,3,-0.13,0.59,-0.06,0.24349276776084153
10,4,sopa_letras,3,246,1,0,1,7,1,-0.18,0.78,-0.17,0.6210987415339917
10,5,memoria,2,202,5,1,0,8,3,0.49,0.51,-0.01,0.3372827112667563
9,4,crucigrama,4,224,1,0,1,9,4,0.27,0.73,0.12,0.6094139096507306
9,5,relacionar,2,267,3,3,0,6,4,0.49,0.88,-0.19,0.27867191778663125
11,4,relacionar,2,299,3,0,0,10,5,0.42,0.64,0.26,0.34049647348386963
11,5,relacionar,1,251,3,1,1,5,2,0.37,0.73,-0.03,0.6081176339108512
9,4,memoria,4,172,3,0,1,8,5,0.06,0.5,-0.12,0.5943684084685292
11,6,memoria,2,252,3,2,0,9,1,0.08,0.64,0.04,0.2113414722020203
10,6,crucigrama,5,115,4,3,1,6,2,0.45,0.91,0.04,0.7829836794852623
11,4,memoria,4,276,5,1,1,6,1,-0.12,0.52,0.04,0.5076056869842043
12,4,memoria,2,226,3,0,0,9,5,-0.11,0.76,0.22,0.2541402524804899
9,4,relacionar,2,161,1,3,0,5,2,0.07,0.52,0.18,0.2261784502991261
11,4,crucigrama,4,205,3,2,0,6,3,0.44,0.98,-0.11,0.46550749168257044
12,6,crucigrama,3,161,3,3,0,8,4,0.32,0.86,-0.01,0.33456177503582885
11,6,sopa_letras,5,165,5,0,1,8,4,-0.06,0.57,0.16,0.7196569489480289
12,5,sopa_letras,4,150,2,2,0,7,2,0.47,0.66,0.26,0.3355606715652455
11,5,memoria,3,99,4,1,0,8,1,-0.18,0.75,0.0,0.33696706188297887
11,5,sopa_letras,3,254,2,3,1,9,4,0.36,0.91,-0.03,0.6387294771297043
9,6,crucigrama,4,298,4,3,0,8,2,0.21,0.81,0.02,0.41616253986194546
11,4,crucigrama,1,242,2,0,1,6,3,0.25,0.99,-0.11,0.590776341796428
10,5,memoria,1,273,2,1,1,7,3,-0.11,1.0,-0.2,0.5816662286250784
12,5,relacionar,2,159,2,3,0,5,5,0.04,0.76,0.06,0.274532020459263
10,5,crucigrama,2,266,2,3,1,9,5,-0.0,0.64,0.02,0.5462698631161766
12,4,memoria,4,208,3,0,0,9,4,-0.06,0.86,-0.06,0.30855772016975336
9,5,memoria,4,250,2,2,1,9,1,0.19,0.7,-0.19,0.6562782862632103
11,6,memoria,4,180,2,3,0,10,4,-0.17,0.7,-0.09,0.3154515520025332
9,4,relacionar,5,185,5,2,0,7,3,0.35,0.61,0.22,0.30665299553958786
11,5,sopa_letras,1,169,5,1,0,7,3,-0.14,0.69,-0.18,0.2386013551353975
10,4,sopa_letras,2,199,5,3,1,8,2,0.14,0.82,-0.12,0.5796080585877331
9,4,sopa_letras,3,81,4,2,0,5,1,0.04,0.53,0.29,0.20054433980187167
12,6,crucigrama,2,277,4,0,0,7,2,0.23,0.59,0.29,0.252022904127344
10,4,crucigrama,2,200,3,1,1,5,5,0.29,0.96,-0.03,0.5326577930648582
10,6,crucigrama,4,83,3,1,1,6,4,0.31,0.62,0.25,0.6053454630690126
12,5,relacionar,4,208,3,0,0,9,2,-0.13,0.68,0.09,0.4097231744109863
12,5,sopa_letras,3,296,2,1,0,5,3,0.25,0.97,0.21,0.40908144046104755
9,4,sopa_letras,5,125,3,3,1,8,3,0.49,0.61,0.1,0.6651282766224698
11,4,crucigrama,5,197,3,2,1,10,3,0.47,0.54,0.02,0.7777807929696643
9,6,relacionar,3,215,3,1,0,5,5,0.01,0.69,-0.17,0.1830293760652327
9,6,relacionar,2,147,2,0,0,8,4,0.06,0.79,0.05,0.346268772262097
12,5,sopa_letras,5,299,2,2,0,8,5,-0.12,0.97,0.18,0.39696629329243
9,5,memoria,4,288,3,0,0,7,4,0.06,0.86,0.14,0.34266618425459744
11,4,relacionar,1,157,4,3,1,5,3,0.49,0.59,-0.08,0.538953526344995
11,5,memoria,1,291,5,1,0,6,5,0.03,0.91,0.19,0.24898153962828465
9,4,relacionar,1,273,5,0,1,5,2,0.0,0.96,-0.2,0.6364430603517167
12,6,memoria,3,263,5,3,1,5,4,0.34,0.83,-0.01,0.62551942947637
9,5,sopa_letras,3,137,5,0,0,5,2,0.19,0.89,-0.08,0.30417274712827425
10,4,memoria,3,284,5,3,1,7,3,-0.12,0.74,0.3,0.524245496081036
11,6,sopa_letras,1,286,4,0,0,6,4,0.33,0.7,0.07,0.32177066007480887
11,4,sopa_letras,3,181,1,1,1,8,5,-0.0,0.84,0.16,0.7627169191114228
10,5,memoria,1,112,2,2,0,8,2,0.42,0.84,-0.09,0.34551969625419887
11,6,sopa_letras,5,285,5,0,1,8,2,0.48,0.75,-0.12,0.7078637509266112
11,4,memoria,3,157,4,1,0,7,1,0.38,0.71,-0.03,0.3512874782416639
12,5,crucigrama,2,251,4,2,1,5,1,-0.08,0.67,-0.05,0.44082809105564547
11,6,crucigrama,5,208,1,0,1,9,3,0.42,0.6,0.27,0.6048967860388638
10,6,sopa_letras,4,272,4,0,1,8,1,0.31,0.63,-0.18,0.5537732959051062
9,4,relacionar,5,254,1,1,1,10,3,0.23,0.92,0.2,0.7018246839468547
12,6,memoria,2,175,2,2,1,9,5,0.45,0.64,0.23,0.6536761358213181
9,4,crucigrama,3,293,3,1,1,6,1,0.33,0.65,-0.18,0.6249602233460065
10,5,crucigrama,1,150,3,3,0,7,3,0.13,0.59,-0.13,0.2627712161365594
10,5,relacionar,4,262,2,1,1,8,3,-0.07,0.55,0.28,0.598386457466254
10,4,memoria,5,296,3,1,0,8,5,0.14,0.86,0.04,0.38018617741499905
9,6,sopa_letras,3,165,5,2,0,6,5,0.41,0.94,0.06,0.39278643038833205
11,5,sopa_letras,1,202,5,2,1,8,2,0.33,0.83,0.13,0.5743127314291334
11,6,memoria,4,262,4,3,1,10,5,0.07,0.65,0.09,0.5637300551860406
10,4,sopa_letras,4,199,1,2,0,8,4,0.14,0.64,-0.01,0.35737512002345284
11,4,relacionar,3,282,2,2,1,6,1,-0.13,0.73,0.06,0.553736775630051
9,5,memoria,2,116,4,0,0,7,3,0.01,0.52,-0.19,0.2242544949265578
10,4,relacionar,2,265,5,3,1,8,5,-0.18,0.78,0.12,0.509495884737032
11,5,memoria,3,243,4,1,0,8,5,0.21,0.86,0.12,0.3488714289367515
12,5,crucigrama,4,121,1,1,0,7,1,-0.04,0.57,0.15,0.40375225928796404
9,4,memoria,5,254,5,1,0,6,4,-0.05,0.76,-0.12,0.32039444236052755
10,4,crucigrama,5,280,4,0,1,8,3,0.02,0.92,0.11,0.6631873382638386
9,6,sopa_letras,3,226,5,2,0,7,3,-0.06,0.76,0.22,0.3472666213113772
9,6,crucigrama,5,154,3,2,0,10,1,-0.03,0.88,0.03,0.4810081445639581
9,6,relacionar,5,107,5,3,0,8,3,0.4,0.95,-0.14,0.5082111959340366
11,4,relacionar,3,103,5,1,1,7,3,0.33,0.66,0.24,0.5496634980062595
12,4,memoria,2,295,5,0,1,5,3,-0.05,0.73,0.27,0.5573490117896018
12,6,crucigrama,2,243,4,1,1,6,3,-0.18,0.6,0.25,0.3685964673706823
10,5,crucigrama,1,124,1,1,1,9,5,0.26,0.95,0.12,0.6213373081310277
10,6,sopa_letras,5,221,5,1,0,9,4,-0.05,0.56,-0.17,0.3969528836275944
10,6,relacionar,4,287,5,3,1,5,4,-0.08,0.51,-0.06,0.50444105579026
10,5,relacionar,1,290,3,2,0,10,3,0.13,0.5,-0.14,0.3192133314540783
10,5,crucigrama,1,89,2,1,0,5,1,-0.14,0.8,-0.15,0.20492666318676012
10,6,relacionar,3,117,2,1,0,7,4,-0.05,0.94,0.16,0.4182066612959132
9,6,crucigrama,1,235,2,1,1,10,5,0.15,0.52,-0.18,0.5015734952421247
10,5,crucigrama,4,205,3,2,0,6,3,0.09,0.85,0.05,0.31186216417181833
11,5,sopa_letras,5,194,2,1,0,6,4,-0.09,0.5,0.26,0.28258579565091296
11,5,memoria,4,287,2,3,0,8,1,0.24,0.84,-0.1,0.3835043169233203
12,6,crucigrama,5,82,1,0,0,5,5,-0.15,0.72,0.23,0.21097481103068766
11,4,memoria,2,241,2,3,0,6,4,0.35,0.55,0.06,0.3214698061268727
10,6,memoria,2,112,2,2,1,6,1,-0.19,0.63,-0.05,0.6233242085175642
12,6,crucigrama,4,189,5,0,1,9,5,0.4,0.98,-0.1,0.6334688671836984
11,6,memoria,2,232,1,3,0,6,5,0.22,0.89,0.08,0.2912980616373286
11,6,memoria,4,166,3,3,1,10,5,0.09,0.84,-0.13,0.6393226879647802
10,5,relacionar,4,294,3,0,0,6,4,-0.18,0.73,0.19,0.3669902757448182
12,6,memoria,2,159,3,3,1,5,2,-0.13,0.75,-0.17,0.46969529824134626
9,4,sopa_letras,1,122,1,0,1,7,3,0.14,0.67,0.24,0.5420882726700231
10,4,crucigrama,5,234,3,1,0,5,4,0.19,0.51,0.28,0.31488006348651143
12,4,relacionar,1,247,5,1,0,7,4,-0.16,0.86,0.11,0.21824508983980584
10,5,memoria,4,82,5,2,1,5,3,-0.05,0.78,0.11,0.5536305467761475
10,6,crucigrama,2,264,4,1,1,6,2,0.44,0.62,0.11,0.6047897587198289
9,5,memoria,1,194,4,1,0,7,3,-0.03,0.96,-0.19,0.33253533597199
10,6,relacionar,5,204,4,3,1,5,5,-0.1,0.85,0.27,0.5967539743061951
10,5,crucigrama,5,212,2,1,0,5,3,0.3,0.64,0.15,0.2825172690942404
9,6,sopa_letras,1,133,1,0,0,6,4,-0.04,0.92,0.29,0.31727956832991877
9,6,crucigrama,3,104,1,0,0,10,1,-0.05,0.88,0.26,0.44063095989144946
9,6,crucigrama,4,89,1,0,1,10,5,0.08,0.74,0.23,0.6611783769252477
10,6,crucigrama,1,171,4,3,0,9,3,0.32,0.95,0.23,0.4009029913742799
10,4,sopa_letras,3,223,2,0,0,6,1,0.32,0.97,-0.17,0.37246286874524914
11,5,crucigrama,4,213,1,1,1,10,5,-0.17,0.57,-0.13,0.575530988959424
11,4,relacionar,5,247,5,0,1,6,2,0.37,0.53,-0.16,0.5514391380534915
11,5,sopa_letras,5,114,3,1,0,7,3,0.33,0.98,-0.16,0.4454162816814745
11,4,memoria,4,165,5,3,0,9,4,0.15,0.92,0.13,0.39884108325151874
9,5,memoria,1,223,1,1,0,8,3,-0.13,0.74,0.05,0.28435822819131257
12,4,crucigrama,1,164,5,3,1,9,3,0.46,0.92,-0.15,0.597478991382901
10,4,memoria,2,252,1,3,1,8,5,0.17,0.74,-0.15,0.6990480376660411
10,4,crucigrama,5,220,2,3,0,10,4,0.29,0.64,0.06,0.28213404034945755
10,4,memoria,3,196,1,1,0,9,3,0.26,0.75,0.16,0.3585438992234878
9,6,sopa_letras,1,86,5,2,1,6,1,0.33,0.99,0.28,0.5507058501082109
9,5,relacionar,5,252,4,0,1,7,5,0.27,0.92,-0.19,0.6059079717664835
12,5,sopa_letras,4,120,2,1,0,10,4,0.28,0.67,-0.17,0.43165882151742313
10,5,sopa_letras,1,175,4,2,1,5,2,0.26,0.75,-0.14,0.49001680429296374
12,5,crucigrama,5,253,4,0,1,5,2,0.04,0.69,-0.08,0.5621000886742894
11,4,sopa_letras,4,166,4,2,1,7,1,0.19,0.51,0.15,0.5345454932561544
11,4,relacionar,5,105,1,0,0,9,2,0.37,0.93,0.08,0.4839059022207253
12,6,sopa_letras,4,173,4,0,1,9,1,0.14,0.76,0.2,0.6892530591534423
10,4,relacionar,4,188,2,2,0,10,5,0.35,0.94,0.2,0.4458919284692867
11,6,crucigrama,1,84,3,0,0,5,4,0.39,0.52,-0.02,0.22620402616822458
10,6,memoria,5,295,3,2,0,7,5,0.17,0.73,0.26,0.34529849914587407
10,4,relacionar,5,123,1,0,0,9,3,-0.12,0.62,0.24,0.2754899077449401
10,5,crucigrama,4,265,1,3,0,8,1,0.21,0.63,0.21,0.3509381362558526
10,6,relacionar,4,136,4,2,0,7,4,0.4,0.69,0.01,0.3307315981733138
10,5,memoria,3,139,2,2,0,6,3,-0.01,0.97,-0.04,0.4014377635284316
12,6,memoria,5,297,5,3,0,5,1,-0.16,0.9,0.28,0.32120018679268264
12,6,sopa_letras,1,100,3,0,1,6,3,0.39,0.56,0.13,0.571316291797855
12,4,crucigrama,4,270,2,2,1,8,3,-0.06,0.72,-0.17,0.5926350481350331
11,6,memoria,3,108,5,1,1,7,2,0.15,0.97,0.18,0.6263678081532581
10,6,memoria,4,207,4,1,0,5,2,0.02,0.59,0.17,0.31078704254662104
9,6,sopa_letras,5,266,5,0,0,9,3,0.48,0.67,-0.07,0.41400487470951414
12,6,crucigrama,2,103,2,3,0,7,1,0.11,0.93,0.22,0.29406450436179576
9,5,relacionar,1,257,5,2,1,6,2,0.5,0.76,-0.11,0.5663391729895889
12,6,memoria,3,182,5,2,0,9,1,0.13,0.84,0.1,0.39071306971607284
11,5,sopa_letras,5,165,5,2,1,7,5,0.49,0.81,-0.17,0.7406548821590092
12,4,crucigrama,3,295,4,2,1,8,4,0.32,0.54,0.14,0.6568898171330085
10,6,sopa_letras,5,92,1,0,1,6,5,0.28,0.58,-0.19,0.4579777155841428
9,5,memoria,4,127,2,3,1,7,1,0.04,1.0,0.02,0.5566876731567241
9,4,relacionar,1,151,2,1,1,9,1,0.11,0.91,0.22,0.596826978566657
10,4,memoria,3,112,3,0,1,8,3,-0.05,0.68,0.23,0.5719509211763232
12,4,sopa_letras,1,267,2,3,1,6,1,0.01,0.88,0.11,0.5592091057331381
11,5,crucigrama,2,134,5,0,1,9,1,0.39,0.57,0.1,0.5982565193444249
12,6,memoria,1,168,1,2,1,6,4,0.25,0.95,-0.12,0.5939248856086938
11,6,crucigrama,4,85,1,3,0,6,5,0.3,0.58,-0.0,0.36304739942585446
10,5,crucigrama,1,276,1,2,0,10,4,0.32,0.87,0.18,0.2832947329131423
9,4,memoria,4,262,2,2,1,8,5,0.36,0.76,-0.02,0.6209702803908335
11,5,relacionar,4,297,3,1,0,5,5,0.08,0.53,0.13,0.30701710194856574
12,6,crucigrama,2,149,5,1,1,7,5,0.14,0.89,-0.04,0.5975975551180067
12,4,sopa_letras,4,137,2,1,1,8,5,-0.08,0.79,0.07,0.636724002431728
11,4,sopa_letras,4,234,3,1,1,6,4,0.23,0.88,-0.08,0.6233824697268537
12,5,sopa_letras,5,176,3,1,1,9,4,-0.06,0.95,0.07,0.6585761630724963
9,5,memoria,5,157,2,1,0,5,2,0.17,0.98,0.16,0.42827127176902763
9,5,memoria,1,294,5,3,0,8,1,0.14,0.51,0.19,0.1899158445360397
12,4,crucigrama,1,202,4,0,0,6,1,-0.11,0.77,0.09,0.2975396484401001
11,6,memoria,5,244,4,0,0,8,4,0.16,0.8,-0.06,0.40031210893891894
12,6,relacionar,2,264,2,0,1,10,5,-0.11,0.58,-0.17,0.5678141685033617
12,4,crucigrama,4,106,2,0,0,7,1,-0.16,0.91,0.23,0.3895885762349886
11,4,crucigrama,2,298,1,0,0,9,3,-0.2,0.62,0.05,0.3042010255664877
12,6,relacionar,5,226,1,2,0,6,2,0.03,0.55,0.09,0.2861275851730183
11,4,memoria,5,240,4,2,1,10,3,0.12,0.64,0.06,0.5870552329343306
10,4,relacionar,3,85,5,2,0,9,3,0.13,0.95,0.23,0.43427712967957177
11,6,crucigrama,2,143,1,2,0,6,1,0.48,0.77,0.29,0.2784441640681689
11,4,memoria,4,155,3,0,1,5,4,0.35,0.63,-0.13,0.5786556351586015
11,5,sopa_letras,3,97,4,2,1,7,4,0.35,0.88,0.19,0.5920421905811196
11,5,sopa_letras,1,233,1,0,0,9,2,0.21,0.57,0.06,0.19761060043081213
12,6,memoria,1,104,4,3,1,5,5,0.2,0.87,0.05,0.48600526096833124
11,6,memoria,2,257,1,3,0,6,1,0.05,0.73,-0.13,0.28898134558346267
9,6,memoria,3,182,1,1,1,10,5,0.23,0.79,0.22,0.6564562165725687
11,6,sopa_letras,2,295,4,0,1,8,2,0.11,0.55,0.11,0.5302656642797731
12,6,memoria,2,286,4,3,1,10,1,-0.09,0.74,-0.18,0.6234763967238433
10,4,memoria,2,158,3,0,1,8,4,0.35,0.92,0.28,0.6437236083262273
9,5,crucigrama,3,152,4,2,0,6,5,-0.2,0.8,0.24,0.3376936897837687
11,6,crucigrama,5,295,2,0,0,10,3,0.34,0.77,-0.15,0.480771755959815
11,5,sopa_letras,3,150,1,1,1,10,5,0.49,0.84,0.23,0.7560110231121504
11,6,sopa_letras,2,189,3,0,0,8,5,0.46,0.66,0.28,0.3298560193640194
9,4,relacionar,5,231,2,1,0,10,4,0.21,0.65,-0.05,0.42125843128271423
11,5,memoria,3,124,3,0,0,9,2,0.19,0.8,0.1,0.3924899482953941
12,6,sopa_letras,2,83,1,1,0,8,2,-0.04,0.97,0.06,0.4175291885577193
9,4,sopa_letras,2,142,3,2,1,7,5,0.41,0.75,-0.07,0.5033182660903319
12,4,sopa_letras,2,202,4,0,0,5,2,0.19,0.78,-0.1,0.3603172563360941
11,4,memoria,3,222,5,2,1,9,5,0.33,0.74,0.2,0.6593855574645671
12,4,sopa_letras,3,282,2,1,1,10,1,0.47,0.59,0.03,0.7018846327239706
10,4,sopa_letras,4,136,2,2,0,7,1,0.35,0.8,0.12,0.2883494411845561
9,6,crucigrama,1,208,3,0,1,5,5,0.31,0.81,-0.04,0.5255795541888231
9,5,crucigrama,3,252,2,2,0,8,1,0.19,0.62,-0.0,0.2763195195562378
9,4,sopa_letras,4,147,5,0,0,5,1,-0.19,0.75,0.19,0.4028894941225464
10,4,memoria,1,106,4,1,0,7,4,0.26,0.6,0.24,0.21912641578941838
11,6,sopa_letras,1,93,4,1,1,5,2,0.04,0.64,0.03,0.355488731763904
9,4,crucigrama,2,117,2,3,0,6,5,0.48,0.84,0.16,0.3405239951102345
12,5,memoria,1,117,4,2,1,6,4,-0.15,0.67,0.21,0.4178078447886337
11,5,memoria,5,149,4,0,0,10,3,0.06,0.8,0.22,0.4055372298465049
9,6,memoria,5,173,1,0,1,5,2,0.34,0.86,0.19,0.5768398572172091
10,5,memoria,1,197,4,1,1,10,2,0.18,0.98,-0.19,0.5802808444683774
11,4,relacionar,5,137,5,3,1,7,4,0.09,0.6,-0.08,0.552028140513466
10,6,crucigrama,1,150,4,0,1,9,5,0.42,0.91,0.03,0.600810561657988
10,4,crucigrama,5,171,5,2,1,5,1,0.21,0.65,0.17,0.6028616432390816
12,5,sopa_letras,3,247,1,3,1,8,3,0.19,0.61,-0.11,0.5562513325381023
10,5,memoria,1,131,2,0,1,8,4,-0.14,0.78,0.26,0.5032032506630185
9,5,crucigrama,1,193,5,3,1,8,3,0.44,0.56,0.17,0.5514187643406135
11,5,sopa_letras,1,124,2,3,0,9,2,0.24,0.76,-0.12,0.2963783169057874
12,6,sopa_letras,2,239,1,1,0,8,1,-0.04,0.76,0.01,0.3831994781656579
12,4,relacionar,1,207,2,0,0,9,1,-0.01,0.89,-0.02,0.3792975723371776
9,6,relacionar,2,175,5,0,1,5,1,0.25,0.91,0.2,0.5380873757031347
10,4,memoria,5,80,4,2,0,10,3,-0.01,0.72,-0.07,0.3200443397828277
9,5,memoria,3,117,1,0,0,6,4,0.09,0.93,-0.01,0.35478395365636384
10,6,sopa_letras,1,177,3,3,0,9,2,0.27,0.86,-0.02,0.4038064578713671
11,5,crucigrama,1,140,1,1,1,5,3,0.44,0.53,-0.19,0.4648905847968459
12,6,sopa_letras,4,250,4,1,1,6,3,0.1,0.54,0.15,0.46037059030120986
9,6,crucigrama,4,149,4,0,0,7,2,0.16,0.82,-0.15,0.3341368738702442
11,6,crucigrama,4,264,1,0,1,8,3,0.44,0.94,0.1,0.6658367076869723
12,5,relacionar,3,106,3,1,1,5,5,0.29,0.84,0.1,0.5905240068281841
9,4,relacionar,4,286,3,3,1,8,4,0.42,0.99,0.05,0.7214817121585578
9,5,sopa_letras,3,245,2,0,0,9,3,-0.13,0.82,-0.1,0.3551446848187515
9,6,crucigrama,4,122,1,3,1,6,5,0.24,0.62,-0.01,0.5364749354250098
11,5,crucigrama,2,222,1,2,0,9,1,-0.09,0.63,-0.16,0.2443871605602682
9,5,memoria,3,236,3,3,0,10,3,0.1,0.57,0.24,0.3594373697277232
10,5,relacionar,4,104,2,1,1,10,1,0.07,0.92,-0.16,0.604747835801573
11,6,relacionar,2,165,3,3,0,5,3,0.3,0.93,-0.02,0.3507383640944586
9,5,memoria,2,134,5,3,1,10,2,0.01,0.69,-0.16,0.5856979211196933
12,5,sopa_letras,4,261,5,2,0,6,5,0.38,0.64,0.15,0.2782227995034437
9,5,sopa_letras,2,154,3,3,0,10,3,0.36,0.51,0.14,0.21619822674880756
9,4,memoria,2,151,4,3,0,7,3,0.14,0.69,0.23,0.2720495413949509
9,6,sopa_letras,3,198,3,3,0,5,4,0.24,0.67,-0.02,0.31425763918010235
11,5,relacionar,2,213,3,2,1,5,1,-0.13,0.82,-0.16,0.5521815421044368
12,5,sopa_letras,1,220,2,2,0,6,4,-0.04,0.81,0.02,0.316893771338036
12,5,sopa_letras,3,151,4,0,1,9,1,-0.11,0.97,0.28,0.6127557656607028
11,6,relacionar,5,239,3,2,0,7,3,0.01,0.72,-0.09,0.3267054583635651
10,5,sopa_letras,5,80,2,2,0,9,3,0.34,0.87,-0.08,0.5132921038597351
10,5,crucigrama,2,165,4,2,1,5,4,-0.01,0.65,0.03,0.4957792143921351
9,4,relacionar,4,261,2,1,0,7,2,0.37,0.65,-0.16,0.33022027707410745
10,5,memoria,4,109,5,3,0,9,1,0.05,0.7,0.29,0.36859067293591086
12,5,memoria,2,176,2,1,1,9,4,0.36,0.97,-0.2,0.6939960064799202
11,4,crucigrama,2,86,2,2,1,7,4,0.43,0.9,-0.15,0.6848311286903093
9,4,crucigrama,3,148,4,0,1,9,4,0.38,0.81,-0.16,0.6810316187648684
11,5,crucigrama,2,276,4,3,0,9,5,0.18,0.97,0.17,0.33803710331935716
9,5,memoria,2,203,1,2,1,6,1,0.33,0.54,0.02,0.42663656560134183
10,4,sopa_letras,3,222,1,0,1,5,3,0.5,0.96,-0.02,0.5914340802536536
12,6,memoria,4,247,5,3,0,8,3,0.31,0.67,-0.18,0.3862856013831094
12,5,memoria,3,109,1,3,1,8,3,-0.01,0.95,-0.03,0.6620962328187568
11,5,sopa_letras,5,113,2,2,0,5,1,0.17,0.59,-0.04,0.2820643078158234
