edad,grado,tipo_actividad,dificultad,tiempo_seg,intentos,pistas,correcto,nota,secuencia_actividades,evolucion_desempeno,nivel_concentracion,comparacion_historial,nivel_comprension
10,4,relacionar,4,207,5,1,1,6,4,0.16,0.78,0.27,0.632587124911954
11,5,memoria,3,273,2,1,1,8,5,0.35,0.95,0.27,0.5965981508660764
9,4,sopa_letras,3,245,4,2,0,9,3,0.04,0.68,0.22,0.26584236936521993
9,5,crucigrama,4,109,4,0,1,6,4,-0.06,0.56,-0.06,0.49868366698514055
11,6,memoria,5,89,4,1,0,9,5,-0.14,0.5,-0.15,0.37197607984243086
9,4,memoria,5,83,1,0,0,9,2,-0.04,0.71,0.3,0.40089408489855993
12,5,sopa_letras,1,229,3,3,1,7,5,-0.17,0.72,0.05,0.5136041196117922
9,6,memoria,5,201,1,3,0,10,1,0.28,0.53,-0.17,0.39880550139344806
9,5,sopa_letras,1,109,5,0,0,10,1,0.13,0.96,0.03,0.4465745287586541
9,4,crucigrama,5,106,5,2,1,5,5,-0.13,0.67,0.25,0.5534310574299535
9,5,crucigrama,3,270,5,1,0,10,3,-0.05,0.72,0.19,0.32704995278855764
12,5,crucigrama,3,88,2,2,1,9,3,-0.15,0.73,0.08,0.5792023135644192
11,6,sopa_letras,5,94,5,1,0,9,2,0.49,0.5,0.11,0.36310912038742005
10,4,memoria,4,157,3,2,0,8,4,0.13,0.82,0.28,0.45332256526093967
12,4,relacionar,3,122,1,3,1,8,1,-0.17,0.96,-0.01,0.6893875575172866
10,4,sopa_letras,4,210,5,2,0,8,3,-0.04,0.91,-0.08,0.43032864101011903
9,5,memoria,3,148,1,3,1,6,3,0.26,0.93,-0.18,0.6181796235240241
9,6,sopa_letras,2,170,5,2,1,7,5,0.33,0.7,-0.08,0.5649366925221321
12,5,crucigrama,1,260,3,3,0,9,4,0.37,0.81,0.02,0.3511453781696294
11,5,crucigrama,5,176,5,3,0,9,2,0.19,0.9,0.26,0.4463316122750976
11,4,sopa_letras,1,116,4,2,1,7,4,-0.14,0.97,0.04,0.6107494123577458
12,4,memoria,3,132,4,0,0,7,1,0.22,0.58,0.24,0.3223736666517737
9,6,crucigrama,3,112,5,1,0,6,5,0.31,0.56,-0.14,0.3524267758364778
9,6,relacionar,3,96,3,2,0,7,4,0.3,0.76,-0.18,0.3461768561096436
11,6,crucigrama,2,292,1,2,0,10,2,-0.1,0.57,0.25,0.31794911130631637
9,6,crucigrama,3,143,3,2,0,10,1,0.27,0.5,0.15,0.2613384809122277
9,6,memoria,3,200,1,2,0,8,1,0.09,0.54,0.03,0.3057101683463987
12,4,crucigrama,3,100,2,3,0,5,4,-0.11,0.56,0.2,0.2814924376894449
10,5,sopa_letras,2,88,4,1,0,9,5,0.08,0.84,0.01,0.282392589742201
10,6,memoria,4,230,4,2,0,9,2,0.18,0.52,0.09,0.3439693713322618
10,4,relacionar,1,97,1,0,0,6,5,-0.05,0.9,0.15,0.27883116080251313
10,5,relacionar,3,277,2,2,0,7,3,0.29,0.76,0.28,0.32195319692585095
10,4,relacionar,4,118,2,1,1,8,4,0.27,0.86,-0.14,0.6902535737022053
9,4,memoria,5,154,2,0,1,5,2,0.31,0.77,0.04,0.6202679808794387
9,5,memoria,1,239,3,0,1,6,4,0.22,0.62,0.03,0.5135803210451432
10,4,relacionar,2,292,4,1,1,10,4,0.03,0.64,0.1,0.5493056566710002
12,4,memoria,5,121,3,3,1,9,2,0.22,0.73,0.1,0.7359861770143888
9,5,sopa_letras,5,114,5,0,0,6,4,0.12,0.85,0.09,0.34817732283631975
11,6,relacionar,1,158,1,2,0,7,3,-0.15,0.87,0.05,0.24964512093979047
12,6,memoria,4,251,5,1,1,6,1,0.42,0.91,-0.13,0.667884055414665
11,4,sopa_letras,1,213,5,3,1,10,5,0.29,0.68,0.28,0.6211498308432852
10,6,memoria,3,190,4,0,1,5,3,-0.12,0.91,0.06,0.4996444467884254
11,4,crucigrama,3,208,4,3,1,7,1,0.12,0.76,0.16,0.5982344297005787
11,5,relacionar,4,231,5,0,0,10,2,-0.01,0.74,0.08,0.33935164433661774
9,4,crucigrama,5,124,3,3,1,5,5,-0.17,0.75,-0.18,0.49950579713907817
10,6,memoria,4,245,5,2,0,7,5,0.22,0.81,0.22,0.3634757931708476
9,6,relacionar,4,161,2,0,1,6,5,0.31,0.59,-0.12,0.6189738877739973
9,4,crucigrama,3,125,1,3,1,9,5,0.44,0.72,-0.06,0.6312383308767411
11,5,crucigrama,4,236,1,1,1,8,5,0.01,0.9,0.2,0.6499077449762543
10,4,sopa_letras,4,218,2,2,1,10,1,0.41,0.58,-0.03,0.5551018771531552
11,4,relacionar,5,250,2,2,1,7,4,0.15,0.56,0.18,0.6002464160339008
10,6,relacionar,1,232,5,1,1,9,4,-0.15,0.99,-0.13,0.6002784456903686
11,4,memoria,1,191,2,2,1,10,4,0.12,1.0,0.26,0.6110253458679965
11,4,crucigrama,3,93,2,3,0,8,4,-0.14,0.83,-0.17,0.2870087968317559
9,5,crucigrama,3,284,3,2,1,5,1,0.47,0.71,0.26,0.5779886670213851
12,5,memoria,2,129,5,0,0,7,1,0.01,0.82,-0.01,0.2809967527742965
12,6,sopa_letras,1,103,4,2,0,5,5,0.47,0.86,0.1,0.27992713731164776
10,5,crucigrama,5,196,5,0,1,9,3,0.36,0.91,0.09,0.6859358761661039
9,6,sopa_letras,2,208,3,2,1,8,1,0.32,0.94,0.05,0.6374877376584815
12,5,crucigrama,1,228,1,3,1,7,5,0.17,0.96,-0.14,0.5755286925900469
9,6,sopa_letras,3,146,5,1,1,8,3,-0.16,0.8,-0.11,0.5729249607999819
10,6,crucigrama,1,258,4,0,0,10,2,0.24,0.8,0.25,0.32769426777048966
10,6,crucigrama,4,196,5,2,1,6,4,0.12,0.94,0.13,0.5891128212517055
11,6,memoria,5,194,3,3,0,8,1,0.33,0.63,0.06,0.4114464977780589
10,6,crucigrama,2,115,5,1,0,9,3,0.12,0.74,0.03,0.4649424177200624
12,4,memoria,2,115,5,3,0,8,2,0.22,0.66,-0.17,0.3950219095672889
12,5,relacionar,5,116,5,1,1,6,3,-0.15,0.76,0.04,0.5469129648490506
12,6,relacionar,1,190,2,2,1,7,1,0.38,0.98,0.02,0.6459559338323643
11,4,memoria,5,256,3,2,0,8,3,0.25,0.66,0.16,0.2540573070519059
11,6,relacionar,2,246,1,0,1,8,3,0.32,0.65,-0.15,0.5034435768643649
12,6,sopa_letras,1,132,3,0,1,9,5,-0.17,0.73,-0.18,0.527642780982185
11,5,sopa_letras,4,100,1,2,1,5,5,-0.06,0.82,0.13,0.5654054943004305
10,6,crucigrama,4,283,2,3,0,10,2,-0.06,0.95,0.15,0.4631733953885282
12,4,crucigrama,3,291,5,1,0,6,5,-0.01,0.64,0.01,0.2680036926733143
9,4,relacionar,1,155,3,1,0,8,2,0.46,0.68,-0.15,0.29818338988112664
12,5,relacionar,3,292,3,0,0,9,2,0.46,0.7,-0.14,0.385151281951514
12,4,crucigrama,1,238,1,0,0,10,4,0.02,0.96,0.22,0.3975953622509987
9,4,relacionar,5,277,2,3,0,5,5,-0.01,0.61,0.27,0.3096435480211814
12,4,memoria,1,221,5,1,1,8,5,0.18,0.76,-0.07,0.5410936808707281
9,5,memoria,2,267,5,2,1,5,2,0.49,0.64,0.2,0.4919826856722283
9,5,relacionar,2,126,2,3,1,7,2,-0.19,0.75,0.08,0.5812255093965509
10,6,relacionar,4,299,4,3,1,10,2,0.14,0.75,-0.19,0.6465247682337762
11,4,relacionar,5,231,1,0,1,9,5,0.37,0.62,0.15,0.6505030626014775
11,5,memoria,3,192,1,0,1,9,1,0.07,0.72,-0.11,0.6305430505832754
12,4,crucigrama,1,231,3,0,1,5,2,0.23,0.6,0.03,0.4734445887285553
11,4,crucigrama,4,130,2,3,1,9,4,0.47,0.97,0.01,0.8303186426534704
9,5,memoria,1,164,1,2,1,5,1,0.1,0.61,0.07,0.523395285977884
10,4,relacionar,5,208,5,0,1,9,4,-0.03,0.95,-0.08,0.6567990485727816
10,5,crucigrama,3,171,4,1,0,5,2,-0.05,0.96,-0.02,0.2838254827542317
9,4,crucigrama,4,219,2,3,0,5,1,0.41,0.75,-0.06,0.45402120066992596
9,6,crucigrama,3,244,4,1,0,10,1,0.1,0.64,0.08,0.3371984317993446
12,5,crucigrama,2,295,2,3,0,9,5,-0.05,0.96,0.16,0.28966737008304677
9,4,memoria,5,259,2,2,1,8,3,0.3,0.79,0.23,0.6972484612295533
12,4,crucigrama,3,110,3,2,0,9,1,0.21,0.71,-0.0,0.34669680860888674
11,6,sopa_letras,4,141,3,2,0,7,2,0.16,1.0,-0.05,0.3800392663780067
11,6,relacionar,2,212,1,0,1,9,3,0.0,0.54,0.26,0.5794095670982058
9,4,sopa_letras,2,295,4,2,1,10,4,0.01,0.64,0.03,0.5526336174049518
12,4,sopa_letras,4,87,2,2,0,7,3,0.16,0.52,-0.09,0.2775776040060601
9,6,relacionar,5,228,4,0,0,10,1,0.03,0.86,-0.08,0.3678631027927136
9,6,crucigrama,5,148,3,0,1,5,3,-0.09,0.92,-0.18,0.5894858339984352
11,5,crucigrama,1,204,5,0,1,8,1,0.14,0.9,0.13,0.6081572873696549
11,5,relacionar,1,253,5,1,1,8,4,-0.14,0.65,0.27,0.4697036042790244
9,5,sopa_letras,2,262,5,3,1,9,4,0.18,0.77,-0.03,0.5521230803221815
10,6,relacionar,3,106,4,0,1,5,5,-0.09,0.53,-0.09,0.4845722807528938
11,4,crucigrama,5,234,1,2,1,10,3,0.47,0.94,0.3,0.8005231196077622
12,4,sopa_letras,1,293,4,3,1,9,3,0.06,0.83,0.12,0.5715539692165964
9,4,relacionar,3,146,3,2,0,6,3,-0.18,0.59,0.25,0.2946679235384796
12,6,memoria,4,196,5,2,0,6,3,0.19,0.9,0.25,0.37036358253268326
12,5,sopa_letras,4,208,4,1,1,7,1,0.48,0.51,-0.0,0.5071216485488685
11,4,memoria,3,87,1,2,1,5,3,-0.02,0.5,0.09,0.47759333665919135
10,6,relacionar,5,96,3,0,1,9,4,0.4,0.7,-0.05,0.7036084116529243
11,5,relacionar,5,218,4,1,1,8,2,0.28,0.87,-0.0,0.6098512008659819
9,5,crucigrama,2,291,3,3,1,8,5,0.3,0.62,0.28,0.5497389815252586
9,5,relacionar,4,259,4,1,0,6,4,-0.07,0.79,-0.09,0.30213045175886033
9,6,sopa_letras,5,133,5,1,0,10,5,-0.03,0.9,-0.09,0.5028608584920028
9,5,relacionar,5,226,2,0,0,9,1,0.08,0.58,0.22,0.2971728311039086
11,4,crucigrama,5,253,1,0,1,7,4,0.2,0.84,0.23,0.7163442966777025
11,6,relacionar,5,262,1,1,1,8,1,0.26,0.65,0.17,0.6290182033652033
9,5,sopa_letras,4,195,3,1,1,5,4,-0.07,0.64,0.28,0.4865398314143864
11,5,memoria,3,138,1,0,1,8,2,-0.17,0.76,0.14,0.48536496088264275
12,5,memoria,2,106,5,3,0,5,4,-0.05,0.89,-0.0,0.26163746630444484
12,4,sopa_letras,5,276,5,0,0,9,4,0.3,0.7,0.27,0.38401683304915046
11,6,memoria,5,193,2,0,1,8,3,-0.02,0.8,-0.1,0.6477274506010828
11,4,relacionar,4,254,3,0,1,8,3,0.47,0.85,-0.2,0.6950145543675507
11,5,memoria,2,287,5,1,1,8,1,-0.1,0.65,0.28,0.622745514050956
10,6,sopa_letras,5,215,4,2,0,10,1,-0.03,0.67,0.25,0.36921930979881196
12,5,sopa_letras,2,175,3,0,1,7,3,0.32,0.63,0.03,0.6182698093925362
11,6,memoria,1,190,4,0,1,10,4,0.49,0.61,0.17,0.6135893381607278
9,5,relacionar,5,246,4,3,0,10,5,-0.02,0.72,-0.06,0.3823980086751785
10,6,sopa_letras,5,212,1,3,1,10,3,0.22,0.79,0.29,0.6668461438876007
10,6,memoria,4,138,3,1,1,9,3,0.08,0.58,-0.14,0.6552863996184153
10,5,crucigrama,2,91,5,2,0,8,2,0.43,0.78,0.12,0.39229307783816286
9,4,crucigrama,1,285,1,0,0,10,2,-0.02,0.92,0.28,0.32758604150718956
12,4,crucigrama,2,275,2,2,1,8,1,0.1,0.71,0.24,0.46315490238243096
11,5,relacionar,4,96,3,1,0,8,5,0.36,0.8,0.0,0.3363307246783381
10,4,sopa_letras,3,110,2,2,1,10,2,0.23,0.97,-0.2,0.7340610603618922
12,6,crucigrama,1,86,3,0,1,10,3,0.2,0.71,0.19,0.5822550384536838
10,5,relacionar,4,139,1,2,0,10,1,0.29,0.66,-0.12,0.48713394276159505
10,6,relacionar,5,241,4,1,1,6,5,0.41,0.62,0.26,0.5499535223888368
12,6,memoria,3,245,2,3,0,10,5,0.12,0.73,-0.17,0.3436268920854282
9,4,relacionar,5,211,4,2,0,7,1,0.36,0.51,-0.16,0.3310380558558573
12,6,relacionar,5,94,4,3,1,7,1,0.32,0.66,-0.08,0.6292057699852558
11,6,memoria,1,236,5,3,0,6,3,0.47,0.99,-0.17,0.4738552721007628
9,6,relacionar,2,121,2,2,0,5,5,0.23,0.79,0.02,0.28117912214907803
10,4,memoria,3,81,4,1,1,5,5,0.04,0.56,-0.08,0.5809136834024159
11,6,crucigrama,4,251,3,0,0,5,5,-0.08,0.94,0.07,0.3335030169108501
11,6,memoria,2,162,3,1,0,10,5,0.38,0.77,-0.05,0.3610404066756072
11,6,relacionar,2,122,3,2,1,9,5,0.34,0.74,0.0,0.7053034100047126
10,5,relacionar,3,175,3,3,0,7,1,0.41,0.9,0.02,0.4246327711189096
9,4,relacionar,4,102,1,0,0,9,3,0.16,0.92,0.07,0.4018595975053571
10,6,relacionar,1,224,4,3,1,9,2,0.14,0.93,0.29,0.6400429472823371
10,4,crucigrama,5,95,4,0,0,5,4,0.36,0.62,0.05,0.3280592853080694
9,5,relacionar,3,113,1,3,0,7,5,0.47,0.92,0.21,0.3449721713103952
12,4,memoria,3,133,1,1,0,6,3,-0.14,0.99,0.19,0.21894869292905586
9,5,memoria,5,282,4,0,1,5,4,-0.15,0.52,0.16,0.4616609063791568
10,4,relacionar,1,184,2,2,1,9,2,0.14,0.96,-0.04,0.6145107480543267
12,5,relacionar,5,158,3,2,1,7,1,-0.08,0.8,0.18,0.659641445018517
11,6,sopa_letras,4,293,5,1,0,8,5,0.15,0.98,-0.14,0.41203314427302157
10,6,crucigrama,5,276,1,0,1,9,1,0.43,0.72,-0.07,0.6713834973594102
10,6,memoria,5,207,1,0,0,8,5,0.18,0.79,-0.01,0.37888447929974617
11,5,crucigrama,5,275,2,0,0,5,2,0.4,0.67,0.25,0.28775168471687473
11,6,memoria,4,132,1,1,0,5,5,-0.02,0.5,0.18,0.2756432976377946
11,5,crucigrama,1,295,2,0,1,9,1,0.18,0.66,0.27,0.5897660674475004
9,6,sopa_letras,1,255,3,2,1,8,3,0.07,0.86,-0.08,0.527211297591737
11,4,memoria,4,235,5,1,0,6,5,0.17,0.74,0.05,0.2376725380937319
10,5,relacionar,5,221,5,2,1,10,2,0.21,0.87,-0.14,0.6390360948929424
9,6,memoria,3,120,4,2,0,5,1,-0.18,0.69,-0.19,0.3386123691873602
11,6,relacionar,1,142,5,0,1,6,5,0.02,0.63,-0.1,0.4138015157833743
12,6,crucigrama,1,214,1,3,0,6,1,0.32,0.93,-0.06,0.32463641237947355
9,4,sopa_letras,1,241,4,0,0,6,1,0.1,0.52,0.01,0.2715677690411363
12,6,relacionar,1,177,1,3,1,9,2,0.29,0.77,0.24,0.633195665435936
9,5,crucigrama,5,193,4,1,0,6,2,-0.08,0.86,0.28,0.2916845155934072
10,5,sopa_letras,5,92,1,1,0,6,3,0.34,0.9,0.12,0.44791494843173146
12,5,sopa_letras,1,297,4,3,0,6,1,-0.02,0.51,-0.16,0.17412997587420348
12,4,memoria,3,198,5,1,0,6,3,0.44,0.88,0.2,0.25056696671045153
11,4,memoria,2,298,3,2,1,10,3,0.06,0.58,0.23,0.5269814292009314
11,5,crucigrama,2,227,3,3,0,7,2,-0.04,0.9,-0.19,0.329452450862529
11,6,relacionar,1,286,5,2,0,5,5,0.5,0.72,-0.1,0.24975746358637452
11,4,relacionar,3,168,2,2,1,8,1,0.04,0.65,0.18,0.5561476233319523
9,4,crucigrama,5,83,3,3,1,6,3,0.4,0.55,-0.06,0.5445492422394554
11,5,crucigrama,3,146,4,3,1,8,4,0.12,0.58,-0.18,0.4647755141638626
9,4,relacionar,3,230,3,0,1,10,1,0.12,0.67,0.29,0.6159580212289913
12,6,relacionar,2,92,4,0,0,8,4,-0.17,0.52,0.07,0.1693606169499428
9,4,sopa_letras,2,151,3,0,1,6,1,-0.02,0.54,-0.13,0.5217741780531409
11,6,memoria,5,255,5,2,0,7,2,0.33,0.66,-0.08,0.3834390804594134
9,4,relacionar,3,152,5,0,1,9,4,0.2,0.96,-0.02,0.6204900194146872
12,4,crucigrama,3,225,2,3,1,8,3,0.44,0.98,-0.06,0.6743319873369269
9,6,relacionar,3,133,1,1,0,10,4,0.12,0.52,0.12,0.39112310766777814
10,5,crucigrama,2,115,1,1,1,7,3,-0.02,0.93,0.22,0.4686139728741499
9,6,crucigrama,5,251,1,3,0,10,4,0.38,0.6,0.26,0.4003651073704993
11,5,crucigrama,1,134,2,1,1,8,5,0.01,0.62,0.04,0.5091926454538597
9,4,relacionar,2,116,1,1,1,7,5,-0.13,0.88,-0.06,0.5019641384964237
10,4,sopa_letras,1,231,5,2,0,8,1,0.04,0.54,0.29,0.24596761032967968
11,6,crucigrama,4,95,3,0,0,7,4,0.09,0.97,0.05,0.2787094274766489
10,4,crucigrama,3,288,2,2,1,5,5,-0.12,0.97,0.1,0.4781146442442509
9,5,memoria,4,200,4,0,0,9,5,0.44,0.94,-0.09,0.3999700367223247
9,5,memoria,4,262,1,2,1,9,5,0.17,0.52,0.01,0.5880237361834512
9,4,memoria,1,247,3,0,0,9,3,-0.11,0.56,-0.07,0.20322032648098645
10,4,sopa_letras,4,297,1,0,1,8,2,0.36,0.57,0.27,0.6249310698800444
9,4,sopa_letras,5,252,3,1,1,7,4,0.38,0.52,0.11,0.569460187662031
11,6,crucigrama,5,85,1,1,1,5,1,0.27,0.83,0.11,0.6213272684094325
11,4,memoria,2,280,4,3,0,6,5,0.16,0.95,0.2,0.3288193852180384
10,6,crucigrama,5,164,1,1,1,8,1,0.03,0.82,0.19,0.6894019546818303
10,6,memoria,1,185,5,2,1,5,2,0.01,0.75,0.21,0.559148228491153
11,5,crucigrama,4,172,5,0,1,10,2,0.16,0.57,0.27,0.6074148697868467
9,5,crucigrama,1,151,5,3,0,6,5,-0.13,0.7,0.11,0.28007677336486814
10,6,crucigrama,2,84,3,2,1,9,1,0.23,0.81,0.16,0.6140347906073361
12,5,crucigrama,1,143,3,2,1,5,5,0.49,1.0,0.09,0.6212981065867743
11,5,relacionar,5,262,1,2,0,7,2,0.35,0.55,0.08,0.4397299782784442
10,5,relacionar,4,81,5,0,0,6,5,0.07,0.83,-0.12,0.3183191815675271
9,4,crucigrama,3,83,5,2,1,9,4,-0.12,0.99,-0.16,0.6059559462908677
12,6,memoria,4,139,1,3,1,10,1,-0.2,0.57,-0.12,0.5240987903832406
9,5,relacionar,5,171,1,3,0,6,2,-0.03,0.85,-0.03,0.39693742401032395
12,5,sopa_letras,4,218,3,1,1,10,3,-0.2,0.85,-0.08,0.6086992580179482
9,4,crucigrama,5,221,2,2,0,5,2,0.48,0.6,0.3,0.3836880633165014
11,4,relacionar,3,272,5,2,1,5,3,0.31,0.59,-0.13,0.5316753322001513
10,6,sopa_letras,3,141,1,3,0,7,4,0.18,0.73,0.23,0.39750320133049877
12,4,relacionar,2,102,5,3,1,6,3,0.24,0.82,0.06,0.6055509236407434
12,4,relacionar,5,86,1,1,0,9,4,0.12,0.53,-0.02,0.2508300701782476
12,6,crucigrama,5,198,4,1,0,5,1,0.12,0.58,-0.01,0.3127859332628383
12,4,memoria,5,201,1,3,1,9,3,-0.16,0.61,-0.18,0.54435008571145
10,6,crucigrama,1,206,3,2,0,9,1,0.43,0.86,0.3,0.4074249767941816
11,5,memoria,1,290,3,3,1,5,3,-0.05,0.78,-0.16,0.5534874096305699
12,4,relacionar,2,81,1,2,0,6,4,0.45,0.7,-0.14,0.21970338577314283
9,5,relacionar,1,228,1,2,0,6,4,-0.11,0.51,-0.11,0.19210959530903962
11,4,sopa_letras,5,154,3,0,0,8,3,-0.11,0.55,0.1,0.32881537058577226
12,5,sopa_letras,5,98,3,1,1,9,1,0.04,0.97,0.26,0.6478719754464349
11,4,relacionar,1,87,4,1,1,7,3,0.21,0.57,-0.03,0.46269460613003227
9,5,sopa_letras,3,137,2,3,0,10,5,0.11,0.53,0.05,0.4038131872459844
9,5,memoria,2,174,4,2,1,9,3,0.02,0.79,-0.12,0.4967515960243605
12,5,sopa_letras,3,98,3,0,1,8,2,0.43,0.95,0.01,0.6701953864469324
12,5,memoria,1,225,1,0,1,6,5,0.0,0.51,-0.13,0.3733495338556262
9,4,sopa_letras,3,141,1,1,0,5,2,0.05,0.76,0.25,0.19356150573214337
10,4,relacionar,3,232,2,1,0,8,4,0.25,0.91,-0.05,0.3080745691382571
9,6,relacionar,4,117,1,3,0,8,1,-0.06,0.93,-0.03,0.35151740633455886
10,6,relacionar,1,216,4,0,1,6,2,0.13,0.78,0.25,0.6072966097035584
10,6,sopa_letras,5,171,2,0,1,10,1,0.26,0.65,0.12,0.6767191134255802
11,4,sopa_letras,2,241,2,0,1,9,2,0.21,0.67,0.24,0.5912069149286613
12,6,sopa_letras,3,173,5,2,1,8,4,0.5,0.57,0.14,0.5712967208524735
9,6,memoria,2,265,3,2,1,9,1,0.36,0.96,0.24,0.7041978877945946
12,6,crucigrama,3,260,3,3,0,6,4,0.24,0.61,-0.18,0.25694911630175743
12,6,sopa_letras,3,145,1,2,0,6,4,0.34,0.6,-0.19,0.3779461079677146
12,4,crucigrama,3,92,1,1,0,8,2,0.37,0.96,0.16,0.4513163907858407
11,6,relacionar,5,167,4,3,1,10,2,0.1,0.94,-0.1,0.738340990713096
12,6,memoria,2,116,4,2,1,6,2,0.07,0.8,-0.04,0.5221432740417028
11,5,relacionar,1,297,5,2,1,5,3,0.18,0.74,-0.19,0.5110797039299875
11,5,relacionar,3,136,3,1,0,7,5,-0.08,0.91,0.28,0.31075080566493873
12,5,sopa_letras,4,242,4,1,0,6,4,-0.06,0.94,-0.01,0.33639263694130855
10,5,sopa_letras,2,209,4,2,1,5,4,0.12,0.69,0.3,0.44205228759170084
11,6,relacionar,2,150,4,3,1,6,3,0.2,0.55,-0.07,0.46019315876512285
12,5,crucigrama,4,203,1,0,0,10,1,0.37,0.52,-0.12,0.3480750961002904
10,6,memoria,5,293,3,1,0,9,2,0.21,0.68,-0.06,0.42300110299883203
11,4,sopa_letras,1,288,4,0,0,5,2,0.28,0.74,-0.11,0.23445471176419577
12,4,sopa_letras,1,232,3,1,0,8,5,0.18,0.65,0.21,0.3229030596613116
11,5,relacionar,5,100,5,0,1,10,4,-0.16,0.75,0.14,0.7071720969987334
10,5,memoria,4,147,4,2,0,9,4,0.47,0.83,0.27,0.5048653766488167
11,6,sopa_letras,1,257,3,3,0,10,3,0.46,0.58,-0.13,0.37746937503047245
10,6,crucigrama,1,238,5,1,1,6,5,0.41,0.99,0.09,0.623608262808873
10,4,sopa_letras,2,259,3,2,0,5,1,0.33,0.81,-0.1,0.30139450884137164
10,6,memoria,3,148,1,3,1,8,4,0.5,0.86,0.17,0.6663872842627319
11,5,relacionar,5,265,2,2,0,10,2,0.32,0.61,0.08,0.3130456495161989
11,5,relacionar,5,280,3,3,0,10,3,0.15,0.84,0.29,0.3673675998919449
12,5,memoria,4,243,2,3,1,8,2,-0.07,0.68,-0.11,0.542791386200121
12,5,memoria,5,131,5,3,1,7,3,-0.15,0.75,-0.14,0.548911195366609
12,6,crucigrama,5,100,5,2,0,5,2,0.21,0.7,0.28,0.34467981291492583
12,6,relacionar,1,131,5,1,0,10,2,0.48,0.52,0.08,0.24519640558617373
12,6,crucigrama,1,157,5,1,1,10,1,0.1,0.6,0.09,0.5000525231908859
9,5,memoria,3,248,2,2,0,7,1,-0.06,0.61,-0.17,0.2785447306105497
10,6,sopa_letras,1,104,1,2,0,10,2,0.2,0.96,0.02,0.4719339408304537
9,6,sopa_letras,2,129,3,3,1,7,1,0.19,0.56,0.17,0.44303423909454764
9,4,memoria,1,220,5,2,0,8,5,0.29,0.96,0.13,0.3971961907207869
11,5,relacionar,2,159,1,1,0,9,4,-0.1,0.66,0.29,0.24684030733505144
10,6,crucigrama,4,295,1,2,0,7,3,0.12,0.71,-0.17,0.3175056316769269
12,5,sopa_letras,4,130,5,3,0,9,4,-0.11,0.9,-0.04,0.4227006088371723
11,4,crucigrama,5,149,2,2,0,10,1,0.36,0.62,-0.18,0.4551381937273027
9,4,sopa_letras,5,96,3,2,1,6,2,0.14,0.97,0.21,0.6707143257768247
12,4,crucigrama,2,205,2,1,0,5,2,0.38,0.83,0.21,0.3534444363301601
9,6,sopa_letras,2,183,3,1,0,5,4,-0.0,0.57,-0.05,0.25148267913546474
10,6,memoria,1,150,3,0,0,9,5,0.18,0.61,0.21,0.27537479825769107
9,4,relacionar,4,150,4,0,0,5,2,0.42,0.98,-0.02,0.45030476014967813
12,4,memoria,4,199,2,0,1,10,3,0.48,0.63,0.09,0.6153687781393271
10,4,sopa_letras,2,131,3,0,1,9,5,0.14,0.77,0.22,0.6427631652393183
10,5,crucigrama,2,194,1,0,1,9,1,0.19,0.8,0.29,0.5747183240459308
10,5,crucigrama,5,87,3,3,0,7,5,-0.03,0.84,-0.2,0.3440447554190078
9,4,memoria,2,146,3,1,1,5,3,0.45,0.6,-0.06,0.4645387962826997
10,6,sopa_letras,3,280,3,2,1,10,5,0.41,0.92,-0.06,0.6740112118167446
12,6,crucigrama,4,274,2,0,0,10,2,0.03,0.52,0.05,0.2701714079473547
10,4,crucigrama,3,192,3,2,1,7,5,0.34,0.72,0.03,0.575522055621786
12,4,relacionar,1,136,1,1,0,8,5,0.12,0.94,0.09,0.4253997954783029
9,6,crucigrama,2,94,3,2,0,6,3,-0.16,0.93,-0.17,0.3136704393156446
9,5,relacionar,4,81,1,2,0,5,3,0.09,0.63,-0.18,0.31636166474889493
12,6,crucigrama,1,93,4,2,1,10,1,-0.2,1.0,0.09,0.6056993759248896
10,5,memoria,1,97,1,0,0,6,3,-0.15,0.93,-0.11,0.2107211482854347
10,4,relacionar,4,174,4,1,1,9,3,-0.13,0.7,0.06,0.5848326357238001
10,5,relacionar,2,270,1,2,0,7,4,0.09,0.76,0.08,0.2568099759458203
12,6,crucigrama,4,286,1,3,1,10,1,-0.13,0.81,0.23,0.6200206356483164
12,6,crucigrama,1,236,2,0,1,6,2,-0.13,0.79,0.29,0.5767167539036033
12,5,relacionar,1,218,4,2,1,10,5,-0.2,0.64,-0.07,0.509012675498391
9,5,memoria,2,164,1,0,1,9,2,0.3,0.64,0.27,0.4680615749854865
11,4,crucigrama,5,168,3,0,0,6,1,0.16,0.96,0.0,0.36606687018176143
12,4,crucigrama,4,88,5,2,1,8,1,0.39,0.51,0.02,0.5654539829526464
9,4,relacionar,4,116,3,2,0,8,4,-0.13,0.65,-0.14,0.31120830318803017
12,5,sopa_letras,1,275,2,0,1,10,4,0.02,0.71,0.08,0.5921358416769194
10,4,crucigrama,1,158,4,3,1,10,5,0.28,0.94,0.26,0.7457612253843604
10,4,crucigrama,5,152,2,2,1,9,5,0.01,0.79,0.2,0.7202528746777858
11,5,sopa_letras,1,270,1,2,1,6,1,-0.03,0.74,0.1,0.48053035627100993
9,6,sopa_letras,1,108,5,1,0,10,5,-0.14,0.97,-0.16,0.3395724383946371
12,6,relacionar,1,203,3,3,0,5,3,0.44,0.86,0.23,0.31638024689312594
11,4,memoria,1,86,5,0,1,7,5,0.14,0.57,-0.13,0.495149826915325
11,6,sopa_letras,2,161,3,2,1,8,3,0.31,0.68,-0.17,0.5404053035839962
10,4,crucigrama,4,165,5,2,1,7,1,0.2,0.93,-0.06,0.63659737007837
11,4,relacionar,4,139,1,2,1,8,4,-0.07,0.99,-0.07,0.6599623671779251
9,6,memoria,5,130,1,2,0,7,5,-0.12,0.81,0.08,0.3898242020954767
10,4,relacionar,3,158,1,2,1,6,4,-0.03,0.66,0.02,0.5612491712797616
12,6,sopa_letras,3,98,4,2,0,7,2,0.09,0.91,-0.0,0.3424289258172166
9,5,memoria,2,182,1,0,1,9,1,0.43,0.82,-0.14,0.5363428653405372
9,6,sopa_letras,2,222,1,3,0,9,2,0.22,0.63,0.28,0.33443201913256243
12,5,crucigrama,1,283,5,1,1,5,2,0.17,0.87,-0.11,0.6226654652688546
9,6,memoria,5,82,3,2,1,10,3,0.43,0.5,0.01,0.6451736437676683
11,4,sopa_letras,2,217,5,0,0,9,5,0.37,0.64,0.22,0.35376357299048466
9,4,sopa_letras,4,221,3,2,1,10,1,0.03,0.96,0.28,0.6205770043579976
12,6,relacionar,5,248,1,0,1,5,1,-0.11,0.89,0.07,0.5252764641279639
11,6,relacionar,4,180,4,3,1,8,2,0.27,0.71,-0.01,0.56436687340327
11,4,memoria,3,212,1,2,0,9,1,0.48,0.98,0.26,0.49402530402631095
11,4,memoria,2,171,1,2,0,7,4,-0.04,0.66,-0.0,0.26186272716278874
10,5,relacionar,3,230,3,1,0,5,1,0.33,0.75,0.18,0.23310962319191877
9,5,sopa_letras,3,273,2,2,1,10,2,0.47,0.72,-0.03,0.6215417473805279
11,6,memoria,4,177,5,2,0,10,3,-0.08,0.75,0.06,0.44654747051945937
11,4,memoria,5,140,4,2,1,5,3,0.4,0.53,0.23,0.6115964998498741
10,6,crucigrama,2,252,5,1,1,9,4,0.12,0.66,0.0,0.589383407441224
11,4,sopa_letras,2,180,1,1,1,6,2,-0.13,0.99,0.15,0.6295669636833187
12,5,sopa_letras,4,256,1,1,1,7,1,0.01,0.64,-0.06,0.6339837880224954
11,4,crucigrama,4,241,3,2,1,8,1,-0.17,0.73,-0.13,0.6112269924781251
10,6,sopa_letras,2,126,2,0,0,5,4,-0.04,0.84,-0.14,0.16412742070807718
12,5,sopa_letras,4,238,3,2,0,6,4,0.39,0.71,0.16,0.3388374336614839
10,4,sopa_letras,5,286,3,3,1,5,4,0.07,0.63,-0.04,0.5473397904534707
12,4,relacionar,3,173,5,2,1,6,4,0.31,0.81,0.26,0.6351195681926669
9,6,relacionar,1,133,3,1,1,9,5,0.26,0.75,0.1,0.5830318904714671
10,6,crucigrama,3,294,4,2,0,9,4,0.36,0.97,-0.01,0.4453749202688692
10,4,relacionar,2,259,4,2,1,5,1,-0.04,0.99,0.21,0.6246643584848797
9,6,sopa_letras,4,89,1,3,0,6,3,0.22,0.95,0.28,0.34366074825711496
11,4,memoria,3,239,2,0,0,9,5,0.49,0.69,0.28,0.38007862602290593
11,5,relacionar,3,273,5,3,0,5,4,0.04,0.91,0.09,0.3170988856153961
10,5,relacionar,5,96,3,3,0,10,3,-0.16,0.95,0.12,0.4986072189228836
12,6,sopa_letras,2,126,3,2,0,5,4,-0.15,0.76,0.05,0.3064361568046363
10,5,memoria,5,251,5,3,1,6,2,0.43,0.93,0.17,0.665719712970364
12,4,sopa_letras,2,180,3,1,1,5,1,0.34,0.88,-0.18,0.5350186132347812
9,5,crucigrama,3,108,3,2,0,7,2,-0.11,0.74,-0.0,0.25106942422099654
9,5,crucigrama,2,113,4,1,1,7,4,0.5,0.64,0.29,0.5846280962343284
9,5,sopa_letras,2,231,2,0,1,9,2,0.11,0.78,-0.03,0.5895133975829203
12,5,sopa_letras,2,156,4,0,0,5,1,0.37,0.54,0.25,0.22738670119123783
12,4,sopa_letras,3,167,1,0,1,10,3,0.49,0.76,-0.14,0.6107897808813875
9,4,sopa_letras,2,170,4,3,1,9,5,-0.18,0.77,0.13,0.5700158320366713
9,6,relacionar,1,277,5,1,1,5,3,0.05,0.63,-0.13,0.4701057009482984
11,4,memoria,5,197,3,2,0,5,4,-0.03,0.63,0.11,0.23105014921480171
11,5,sopa_letras,1,104,4,0,0,6,4,-0.04,0.61,-0.03,0.138584917439604
11,5,relacionar,2,146,1,0,0,6,1,0.08,0.82,-0.04,0.3524189388847343
9,5,relacionar,4,181,2,2,0,8,4,-0.07,0.6,0.04,0.2656674587381431
12,5,memoria,4,258,3,3,0,7,4,0.03,0.74,-0.06,0.3175780999221784
9,5,sopa_letras,4,272,5,2,1,10,5,0.15,0.95,0.25,0.6702390463216177
11,5,crucigrama,3,149,4,2,0,7,4,0.11,0.86,0.29,0.3728867548321847
9,6,sopa_letras,4,215,3,0,0,9,5,0.42,0.58,-0.16,0.4967992289873242
10,5,crucigrama,1,192,5,2,1,10,4,-0.1,0.57,0.14,0.4901756554958044
9,6,memoria,4,108,4,0,0,10,3,0.03,0.92,-0.07,0.4974243124435933
12,5,crucigrama,3,92,5,2,0,7,4,0.36,0.66,0.12,0.35176352671727484
10,4,crucigrama,1,263,3,0,0,6,3,-0.11,0.83,-0.19,0.3153648449954073
9,6,sopa_letras,3,295,2,2,0,8,3,-0.15,0.72,-0.19,0.34532174303417196
10,4,sopa_letras,3,101,4,2,1,10,1,0.13,0.76,-0.14,0.6639739387677093
11,6,memoria,3,169,3,3,1,8,4,-0.03,0.52,0.07,0.527964265777648
12,5,memoria,1,180,4,2,1,5,2,0.28,0.86,0.06,0.44175069189437643
10,5,relacionar,1,299,1,3,1,8,1,0.29,0.77,-0.06,0.49641743137812094
10,5,memoria,5,192,1,3,1,8,3,0.41,0.58,0.25,0.5923625216903774
12,5,crucigrama,4,249,3,3,1,9,2,-0.03,0.8,-0.15,0.6024879679756698
9,5,sopa_letras,5,263,4,2,0,10,2,-0.1,0.85,0.28,0.35565278315421633
12,5,memoria,4,101,3,0,1,7,1,0.07,0.97,0.24,0.6805567342831457
12,4,sopa_letras,5,210,1,3,1,9,5,0.36,0.81,-0.06,0.6699381562803128
10,5,crucigrama,5,144,3,0,0,8,1,0.4,0.8,0.16,0.40873659426492714
11,6,sopa_letras,2,159,5,2,1,10,1,0.06,0.86,0.04,0.6863869681490498
11,6,memoria,5,87,5,1,0,5,1,0.47,0.64,-0.03,0.37655624085477274
9,4,crucigrama,1,206,1,0,1,7,3,0.33,0.71,0.26,0.5755772809440163
12,4,memoria,1,176,2,1,1,7,4,0.21,0.96,0.08,0.5828225583967175
12,4,relacionar,1,244,1,0,0,6,1,-0.01,0.79,-0.15,0.23933606182781397
9,4,sopa_letras,2,123,3,2,0,10,2,0.05,0.59,-0.1,0.3566073817696621
12,5,crucigrama,4,107,5,0,1,10,4,0.44,0.58,0.23,0.6538694356961636
12,5,memoria,3,187,3,2,0,7,2,0.49,0.83,0.11,0.3506417685067441
12,6,memoria,5,80,5,2,0,5,4,-0.1,0.62,0.3,0.25125165537007627
11,6,sopa_letras,4,242,5,2,1,8,3,-0.19,0.61,0.29,0.5104323258403555
9,5,crucigrama,5,296,1,2,1,6,4,0.01,0.98,0.23,0.5430261266872165
9,5,memoria,3,135,3,2,1,6,1,-0.11,0.97,0.22,0.61728193463502
12,4,memoria,1,229,4,2,1,10,4,0.2,0.64,0.01,0.6304849876274465
10,6,memoria,2,153,2,0,0,7,5,0.46,0.57,-0.02,0.2910565578555796
10,5,relacionar,5,281,2,1,0,9,3,0.44,0.58,-0.19,0.4374483292505452
11,5,sopa_letras,1,120,3,3,1,9,2,0.25,0.69,-0.19,0.5021805338275792
11,4,relacionar,1,209,2,1,0,8,2,-0.12,0.83,-0.12,0.2213836700573933
10,5,sopa_letras,3,265,5,1,0,7,4,0.44,0.81,0.26,0.3976191394153143
9,5,sopa_letras,1,135,1,3,1,5,2,0.32,0.94,-0.14,0.6104676586851964
9,5,memoria,1,282,5,1,1,6,2,0.01,0.94,0.07,0.6062419780975298
9,5,memoria,2,135,3,2,0,10,3,0.23,0.79,0.05,0.3508186537717971
11,4,memoria,1,129,3,3,1,7,2,0.22,0.78,0.14,0.5923306478066636
9,5,crucigrama,1,188,3,2,0,10,2,0.2,0.66,-0.2,0.33130520527750384
12,5,relacionar,4,122,1,0,0,5,4,0.02,0.89,-0.17,0.3374899864019646
10,6,relacionar,1,162,4,0,0,7,2,0.45,0.9,-0.06,0.3145662607857206
11,4,crucigrama,2,92,2,2,0,9,4,0.0,0.61,-0.05,0.33033798098285233
10,5,sopa_letras,2,104,5,2,1,7,5,0.2,0.58,-0.15,0.5311544075653089
9,6,memoria,5,270,1,0,0,5,1,0.37,0.71,0.05,0.38492291653094274
11,5,sopa_letras,2,269,4,0,1,6,3,0.26,0.53,0.13,0.4890808211081846
11,6,crucigrama,4,151,1,2,0,9,2,0.42,0.52,0.11,0.3635266856407947
11,5,relacionar,5,135,1,0,0,8,1,0.33,0.71,-0.08,0.4446550838608666
12,5,crucigrama,2,93,2,2,1,6,3,0.37,0.8,0.23,0.5292246031024569
9,4,sopa_letras,5,132,4,3,0,8,5,0.34,0.64,0.09,0.3512488768917713
10,5,memoria,1,90,2,3,1,8,4,-0.12,0.8,0.11,0.4815891849795806
10,4,sopa_letras,5,87,2,2,0,6,3,0.41,0.53,0.21,0.3599918460413012
9,5,memoria,2,279,5,2,0,8,1,0.28,0.62,0.3,0.40448907897122033
11,5,sopa_letras,2,223,2,3,0,6,4,-0.02,0.55,0.06,0.24711196593924023
11,6,memoria,2,102,5,1,0,8,1,0.07,0.97,0.05,0.3572602348175203
9,5,relacionar,1,107,5,3,0,5,4,0.48,0.53,0.07,0.18903229029861915
10,5,sopa_letras,1,129,1,1,0,7,2,0.42,0.66,-0.01,0.2776631684459703
12,5,crucigrama,4,173,5,1,1,7,3,0.22,0.98,0.14,0.6123421970577445
11,4,crucigrama,2,163,5,2,1,10,5,0.33,0.59,0.23,0.5953618178133189
11,4,crucigrama,5,270,5,3,1,5,2,-0.18,0.63,0.1,0.5326597255443075
11,4,relacionar,4,283,2,0,0,9,3,0.27,0.89,0.0,0.4362340516802644
11,5,memoria,1,140,3,0,0,5,3,0.35,0.92,-0.11,0.25853741162370497
12,5,sopa_letras,5,241,2,0,0,9,5,0.31,0.63,0.01,0.36952643376732247
10,4,relacionar,1,193,5,2,0,7,4,0.08,0.77,0.24,0.352863090485535
9,4,relacionar,2,113,1,0,0,6,5,0.31,0.75,0.03,0.2768424358711292
11,5,relacionar,3,222,3,3,0,10,3,0.14,0.86,-0.12,0.37940959073136343
12,6,sopa_letras,1,168,4,2,1,10,1,-0.19,0.76,0.09,0.5273029598649299
11,6,crucigrama,3,100,1,0,0,7,1,0.49,0.98,-0.12,0.3818110621320048
12,4,memoria,3,115,4,2,1,10,2,0.3,0.89,0.07,0.6678495129443036
10,6,memoria,2,168,1,1,1,8,1,0.04,0.67,-0.2,0.6098154312493624
9,5,sopa_letras,3,178,3,0,0,10,4,-0.18,0.83,0.06,0.4008488814656117
10,6,crucigrama,5,163,1,1,0,7,1,0.2,0.93,0.08,0.5069646698316316
10,5,crucigrama,2,213,5,3,1,8,1,-0.05,0.79,-0.02,0.5669802353336292
11,5,memoria,3,201,4,0,1,6,2,0.31,0.8,0.01,0.62386788188773
10,4,relacionar,1,164,3,3,1,5,1,-0.17,0.54,0.07,0.47704317861924783
11,5,relacionar,5,223,1,2,1,8,2,0.39,0.6,0.14,0.5487674060058833
9,5,sopa_letras,3,293,5,2,0,9,4,-0.07,0.92,0.02,0.4311737008487211
9,6,relacionar,5,196,1,2,0,9,2,0.03,0.86,0.22,0.3071566799896835
12,6,memoria,3,171,2,2,0,10,2,-0.19,0.81,0.16,0.33486869663851426
10,6,crucigrama,3,238,1,0,1,6,3,0.01,0.54,-0.14,0.4918398507857798
11,6,sopa_letras,2,204,5,1,1,7,1,0.08,0.74,0.09,0.5241804494318676
11,6,memoria,2,160,5,3,0,9,1,-0.12,0.57,0.27,0.3359538388428511
12,6,sopa_letras,4,189,4,0,0,6,4,-0.14,0.92,0.2,0.33290197374819996
12,6,relacionar,1,276,2,0,0,5,5,0.04,0.86,0.11,0.2941660012302946
10,6,memoria,4,176,1,3,0,10,1,0.11,0.94,-0.19,0.415157580728191
12,5,memoria,5,92,5,0,0,5,5,0.36,0.73,0.24,0.3779998330963787
10,4,crucigrama,1,231,1,2,1,8,5,0.12,0.64,0.03,0.56565444870589
9,4,crucigrama,4,204,3,1,0,9,5,0.3,0.69,-0.08,0.38210266329784
11,6,memoria,1,239,2,3,0,10,1,0.24,0.73,0.09,0.3511028268580364
10,4,crucigrama,5,285,3,0,0,6,5,-0.12,0.85,0.0,0.3867239529652816
10,4,crucigrama,1,130,5,0,0,8,5,0.03,0.75,0.09,0.2660215906416972
10,4,relacionar,5,149,5,2,1,7,3,0.49,0.72,0.25,0.6352338435380933
11,4,sopa_letras,2,248,1,1,1,5,3,0.2,0.62,-0.19,0.5884959372298385
11,4,relacionar,4,109,1,3,0,9,4,0.33,0.6,0.24,0.3756008590550029
12,6,crucigrama,4,159,1,2,1,7,5,-0.17,0.74,-0.14,0.633109253136666
11,5,crucigrama,3,245,2,3,0,10,5,0.05,0.62,0.29,0.36397480751002337
9,5,memoria,2,164,5,1,1,5,5,-0.04,0.8,-0.16,0.5307985367436922
11,6,sopa_letras,2,95,4,0,0,7,5,0.01,0.66,0.2,0.28139279634939157
12,6,relacionar,1,194,5,0,1,6,2,-0.08,0.51,0.14,0.5327910267900013
12,6,sopa_letras,5,232,4,3,1,7,5,-0.13,0.78,0.07,0.6466155717619166
9,5,sopa_letras,2,247,1,0,1,6,3,0.49,0.73,-0.1,0.5433213802902337
11,5,sopa_letras,5,222,1,1,1,5,3,0.22,0.77,-0.09,0.719047106297179
9,6,sopa_letras,4,98,2,2,0,7,1,-0.09,0.82,-0.08,0.4066087613269627
11,6,memoria,1,299,1,0,1,10,5,0.07,0.85,0.21,0.5471579223834842
9,6,crucigrama,5,182,3,0,0,7,4,0.3,0.98,0.18,0.43925251986455244
9,4,sopa_letras,5,122,1,3,0,7,1,0.47,0.93,0.02,0.4043731828480512
11,6,memoria,2,201,3,1,1,5,1,0.29,0.7,-0.13,0.4908765469846644
10,4,crucigrama,4,142,2,0,0,7,1,-0.01,0.83,-0.02,0.44595414272521366
12,4,sopa_letras,5,90,1,1,0,7,3,0.13,0.97,0.25,0.43042883711351315
11,4,crucigrama,4,216,4,0,0,6,5,0.48,0.77,-0.06,0.33946245463600716
9,5,memoria,3,98,5,1,0,5,3,0.46,0.98,-0.09,0.3717937285586639
9,5,crucigrama,1,227,4,1,0,10,2,-0.05,0.95,-0.03,0.3826372647944268
10,6,relacionar,4,274,2,2,1,8,4,0.11,0.96,-0.06,0.7524401092986075
11,4,relacionar,2,272,2,0,0,5,5,0.39,0.88,-0.05,0.32759584273068315
10,5,relacionar,3,264,4,2,1,9,3,-0.18,0.58,0.2,0.5629253692215113
9,6,memoria,2,224,1,1,0,6,4,0.05,0.77,0.05,0.3653380241238422
10,4,sopa_letras,2,183,5,3,1,7,4,0.28,0.8,0.18,0.5894673673225905
12,6,crucigrama,5,214,4,2,0,6,1,0.41,0.71,0.22,0.2915043334899605
9,6,memoria,1,278,2,1,0,7,1,-0.02,0.78,0.0,0.28844307527634694
10,5,sopa_letras,5,279,1,2,1,8,2,0.45,0.51,-0.16,0.5937853042305066
11,4,relacionar,4,228,5,3,1,5,2,-0.04,0.56,0.13,0.5235619835127634
12,4,sopa_letras,2,153,5,2,1,5,5,0.39,0.88,0.12,0.6582659669067066
12,4,memoria,1,159,5,0,1,9,2,0.4,0.65,0.1,0.6166794270600834
12,4,crucigrama,2,185,5,2,1,7,5,-0.03,0.79,-0.0,0.5855068487638913
11,4,memoria,2,168,2,0,1,8,1,0.44,0.83,0.23,0.5985613400545409
11,5,memoria,2,139,3,0,1,10,4,0.36,0.64,-0.17,0.5598228900590446
9,5,memoria,5,147,3,1,1,6,5,0.01,0.97,0.24,0.6072883901239616
11,5,relacionar,4,81,1,0,1,9,2,0.06,0.54,-0.07,0.5353628704764125
9,4,sopa_letras,5,183,1,1,1,9,3,0.02,0.83,-0.2,0.7260010294779538
10,5,crucigrama,1,140,3,0,0,6,3,0.49,0.65,0.29,0.2975576677157762
9,6,sopa_letras,5,202,2,0,0,10,1,0.39,0.87,-0.06,0.42635433957179025
10,6,sopa_letras,1,259,4,3,1,6,1,-0.01,0.74,-0.18,0.49328189556758595
11,4,relacionar,3,199,5,3,0,5,3,-0.09,0.96,-0.1,0.27901092151962675
9,5,sopa_letras,5,229,3,0,0,10,2,-0.14,0.98,0.08,0.4576133763957376
12,5,crucigrama,4,108,5,2,0,5,2,0.23,0.54,0.09,0.369026393092318
9,6,sopa_letras,3,227,4,2,0,8,2,0.42,0.93,-0.15,0.3637259745976349
10,6,memoria,5,228,5,3,1,6,3,0.31,0.58,-0.05,0.6295133050944863
9,6,sopa_letras,1,128,3,0,0,8,1,0.44,0.75,0.07,0.292407339961706
9,6,relacionar,3,192,3,3,1,10,1,0.26,0.93,-0.15,0.7063342140846212
9,5,memoria,2,296,4,0,1,7,4,0.03,0.58,-0.01,0.41206934394442635
11,5,sopa_letras,4,299,4,0,1,8,5,0.3,0.52,0.07,0.6227204409664382
11,6,relacionar,5,176,1,1,0,5,1,-0.16,0.53,-0.07,0.1866447916498138
12,6,relacionar,4,115,4,0,0,8,2,0.38,0.87,-0.14,0.3769395213056778
9,5,crucigrama,4,281,4,1,1,7,2,-0.07,0.89,0.15,0.48198918543426483
12,5,relacionar,4,191,2,3,0,9,2,0.3,0.89,0.27,0.544435755535299
9,4,sopa_letras,4,187,5,3,0,7,3,0.43,1.0,0.15,0.4629436080428924
11,4,crucigrama,1,232,3,0,1,10,5,0.22,0.72,-0.04,0.6214511871625386
12,6,memoria,4,245,4,2,0,6,1,0.43,0.9,0.2,0.35197649915823714
12,5,relacionar,3,84,1,1,1,9,1,-0.14,0.87,0.05,0.671210653040847
10,4,relacionar,5,177,1,2,1,6,3,0.45,0.6,-0.1,0.5560686338247405
12,6,sopa_letras,1,162,1,0,0,7,3,0.36,0.89,0.13,0.3566538121268404
12,5,memoria,2,201,2,3,0,5,3,0.18,0.57,0.13,0.2996943498575968
10,4,memoria,1,116,1,3,0,7,2,0.44,0.56,0.21,0.2570525332917989
10,6,relacionar,2,256,3,1,1,9,3,-0.18,0.94,0.13,0.6026621921397706
10,4,crucigrama,4,284,3,1,0,6,5,0.02,0.78,-0.2,0.3571793447359601
9,4,crucigrama,3,96,2,0,0,8,3,0.39,0.61,0.29,0.4020699607007052
12,6,memoria,1,118,4,3,0,7,5,-0.0,0.89,-0.05,0.3487695508916431
9,6,sopa_letras,3,163,3,2,1,6,4,0.32,0.82,0.11,0.5701535094972071
12,5,memoria,2,174,5,1,1,6,2,0.0,0.76,-0.16,0.4841640397399142
9,6,crucigrama,3,208,1,0,1,6,3,0.11,0.53,-0.06,0.5448436771918956
11,6,sopa_letras,4,86,2,2,0,8,3,0.15,0.82,-0.03,0.41444514800128324
10,6,sopa_letras,2,272,3,3,0,5,2,0.06,1.0,-0.05,0.32117471403663916
11,4,relacionar,3,177,3,0,1,10,2,0.37,0.98,-0.16,0.6270708113096061
10,5,crucigrama,4,270,3,1,1,5,1,-0.1,0.62,0.07,0.49079853040546956
11,4,relacionar,5,247,4,3,1,6,5,-0.0,0.69,-0.03,0.5341590301630865
12,5,sopa_letras,1,104,1,3,0,9,1,0.11,0.9,0.01,0.48795223666110543
10,6,crucigrama,2,217,2,1,1,6,4,-0.06,0.69,-0.19,0.4602937352856221
12,4,memoria,5,222,1,1,0,8,3,0.44,0.73,0.23,0.4492267932438905
10,5,sopa_letras,5,224,4,3,0,10,1,0.48,0.83,-0.04,0.48232687898696397
9,6,crucigrama,3,233,4,1,1,10,1,0.35,0.89,0.15,0.6789934848714149
12,5,memoria,3,145,3,1,1,5,4,0.49,0.6,0.23,0.5606369277581361
11,4,relacionar,1,242,2,0,1,8,4,0.5,0.91,-0.08,0.6605910652583696
11,6,relacionar,3,171,1,0,1,9,4,0.38,0.67,0.03,0.5851713223780639
10,6,memoria,1,265,2,2,1,8,1,0.39,0.55,-0.16,0.4729947296795688
11,5,memoria,1,132,5,2,0,6,3,-0.03,0.96,-0.11,0.301666321234937
12,5,crucigrama,3,106,1,2,1,6,1,0.06,0.84,-0.14,0.5495253790947747
12,5,crucigrama,2,191,1,0,1,7,4,-0.1,0.51,-0.13,0.5490576527912346
11,4,crucigrama,2,108,1,3,1,9,3,0.12,0.89,0.16,0.49458677186244104
11,5,memoria,5,219,1,1,1,8,3,-0.11,0.84,0.16,0.5569543306668713
10,5,crucigrama,5,212,4,1,1,5,4,-0.11,0.58,0.01,0.503709806363058
11,6,memoria,3,103,5,3,1,10,3,0.16,0.77,0.01,0.6411716942011167
12,6,crucigrama,4,284,5,0,1,9,5,-0.2,0.95,-0.17,0.6166250949064741
12,4,sopa_letras,3,170,2,0,1,7,1,-0.19,0.54,0.13,0.4790869259589051
10,6,crucigrama,4,236,5,0,1,7,5,0.41,0.78,-0.09,0.6542401167337047
10,6,crucigrama,2,275,2,0,1,8,5,-0.12,0.79,-0.12,0.5712783882641017
9,4,sopa_letras,2,298,2,1,0,6,1,-0.14,0.72,-0.16,0.18697029481929361
12,5,crucigrama,3,250,3,1,0,8,2,-0.05,0.61,0.21,0.20516459394840922
12,5,crucigrama,2,200,2,0,0,10,3,0.2,0.79,0.22,0.2950184333519901
12,5,memoria,1,131,5,3,0,6,1,0.23,0.53,-0.1,0.25004974099528304
12,5,memoria,1,209,4,3,1,6,1,0.34,0.82,-0.14,0.5800001518013882
9,4,sopa_letras,3,140,5,2,1,5,3,0.42,0.53,0.06,0.5052604749553847
12,5,relacionar,3,137,1,1,1,9,3,0.3,0.69,0.05,0.5413971607826426
10,5,relacionar,4,126,3,3,0,10,1,0.07,0.89,-0.11,0.5282889123849782
9,5,relacionar,4,149,1,0,1,5,4,0.36,0.6,-0.09,0.5737858166234792
10,6,relacionar,5,196,3,3,0,10,1,0.16,0.69,-0.1,0.31033369649564846
10,5,relacionar,1,222,2,2,1,8,1,-0.12,0.76,0.22,0.5210560835103416
10,4,crucigrama,1,298,5,1,1,5,5,0.01,0.96,0.26,0.5652859199667706
10,4,crucigrama,1,163,3,3,0,8,5,0.32,0.51,0.24,0.21796213503444323
10,4,sopa_letras,4,181,1,1,1,5,3,-0.06,0.76,0.16,0.4111080551755242
12,4,memoria,3,153,3,1,0,5,4,0.2,0.91,0.05,0.32853401071587773
10,5,memoria,4,168,2,1,1,8,2,0.38,0.7,-0.08,0.6631646076812833
12,5,memoria,2,269,2,2,1,5,5,-0.11,0.95,-0.02,0.5658136101964594
12,5,sopa_letras,3,109,1,1,1,9,5,0.35,0.81,0.13,0.6529934451538028
9,5,relacionar,3,177,3,2,0,8,3,0.38,0.85,0.23,0.5025179160170485
11,4,memoria,4,190,5,0,0,8,5,0.13,0.9,0.26,0.3549100385928646
10,6,crucigrama,2,148,5,2,0,8,3,-0.14,0.97,-0.19,0.30911948767331604
10,5,sopa_letras,1,105,3,3,0,5,5,-0.14,0.78,0.26,0.29863857521695164
10,4,relacionar,1,190,4,1,0,9,3,0.26,0.83,-0.05,0.2858364682005854
12,6,relacionar,3,196,5,0,1,9,2,0.08,0.72,0.07,0.5217607298591946
10,6,relacionar,1,288,4,2,0,8,4,0.16,0.6,-0.11,0.32094979573841503
11,6,crucigrama,2,239,4,2,1,5,2,-0.03,0.72,-0.17,0.5181962185651169
9,4,sopa_letras,3,281,3,2,0,6,4,-0.0,0.94,0.13,0.405316646304101
12,4,relacionar,1,276,3,1,1,5,3,-0.02,0.61,0.1,0.5069877588806192
10,4,sopa_letras,2,251,4,0,0,7,5,0.08,0.77,-0.05,0.34864340881728617
9,6,memoria,4,173,5,1,1,7,2,0.46,0.98,-0.19,0.6487500815742383
12,5,relacionar,2,186,3,1,0,7,2,-0.07,0.73,0.3,0.2265645454615186
12,4,sopa_letras,5,248,2,1,0,5,5,0.15,0.67,-0.19,0.21491431729290209
10,5,sopa_letras,2,286,4,2,1,5,4,0.15,0.6,0.07,0.38638835270325134
10,5,crucigrama,5,104,2,0,1,5,5,0.01,0.73,0.14,0.6053388249229741
9,6,crucigrama,5,124,1,0,1,9,3,0.02,0.56,-0.05,0.6134800684991218
10,6,crucigrama,5,186,4,0,1,8,3,0.09,0.76,0.05,0.7030040696092557
11,4,sopa_letras,1,122,3,3,0,6,2,0.42,0.76,0.21,0.28759773373041075
11,4,memoria,2,292,1,3,0,6,4,0.3,0.85,-0.15,0.317476393625374
10,5,relacionar,4,204,4,0,1,5,5,-0.04,0.81,0.27,0.4780342687742394
9,4,relacionar,5,269,3,2,0,8,4,0.23,0.64,-0.0,0.3438501836197712
11,5,relacionar,3,278,4,0,1,10,1,0.01,0.57,0.28,0.6162869406835191
10,6,sopa_letras,1,134,4,1,1,10,2,0.03,0.77,0.02,0.5849992307190692
9,5,sopa_letras,3,249,2,2,0,8,4,0.43,0.89,-0.13,0.32096295130842545
12,6,memoria,5,204,2,0,1,6,1,-0.17,0.99,-0.11,0.6272692881662083
11,5,memoria,5,180,5,0,0,10,1,0.31,0.98,-0.04,0.41151713568333703
12,4,sopa_letras,5,108,5,2,1,10,2,0.0,1.0,0.28,0.7156950048165864
12,6,crucigrama,2,101,5,1,1,5,1,0.23,0.87,0.2,0.6209159614242267
10,5,crucigrama,3,124,1,0,1,5,4,0.3,0.78,0.03,0.5311399937344046
10,5,memoria,4,167,2,2,1,10,1,-0.07,0.5,0.03,0.5966447897813429
12,4,crucigrama,1,199,3,2,0,5,3,0.12,0.58,0.13,0.19380747457058886
12,5,memoria,5,243,5,0,0,5,3,0.38,0.84,0.02,0.39846999473400657
10,4,relacionar,5,239,4,0,1,8,2,0.02,0.81,0.04,0.5993395440302828
12,5,crucigrama,2,146,4,2,1,10,2,0.18,0.71,-0.03,0.642775753973259
10,5,relacionar,1,300,2,3,1,7,1,0.14,0.57,0.12,0.4912767249832636
10,4,relacionar,5,188,2,2,1,10,5,-0.05,0.94,0.12,0.6296461601204835
9,5,relacionar,4,92,1,1,1,6,5,-0.01,0.63,0.22,0.6123837351821111
12,4,relacionar,5,81,2,2,0,5,3,0.31,0.54,0.09,0.272239529832346
10,6,crucigrama,2,207,4,1,1,5,2,-0.07,0.5,0.26,0.4539869498994299
10,6,relacionar,1,134,1,2,0,10,2,-0.01,0.5,-0.01,0.23043455161697765
11,5,memoria,2,269,3,2,0,7,4,0.41,0.96,0.05,0.4666797236570097
12,5,sopa_letras,1,228,1,3,1,5,3,0.46,0.67,0.23,0.46015092833009735
9,5,sopa_letras,3,284,1,3,1,8,4,0.35,0.63,0.24,0.510153053409072
9,5,crucigrama,1,291,4,2,0,6,3,0.11,0.57,0.15,0.23307173185604918
12,6,sopa_letras,2,201,4,1,1,5,5,0.41,0.67,0.17,0.47879180872819654
9,5,relacionar,5,197,5,3,1,5,4,0.37,0.88,-0.13,0.7402406871931608
11,6,memoria,1,142,4,3,1,10,4,0.43,0.64,0.1,0.5818505945602274
12,6,memoria,2,83,1,1,1,8,3,0.39,0.64,-0.08,0.5156543906503479
11,6,relacionar,4,269,5,3,0,9,2,0.16,0.8,-0.16,0.42127926539772026
12,6,sopa_letras,4,122,1,2,1,10,1,-0.17,0.52,0.1,0.5884036056370444
10,5,relacionar,5,251,1,1,0,5,1,-0.02,0.95,-0.01,0.373834161065795
9,6,sopa_letras,2,137,3,3,1,7,2,0.13,0.68,0.03,0.5534718976119507
9,4,memoria,2,294,4,3,0,9,5,0.17,0.74,-0.06,0.33324733048826166
9,6,sopa_letras,4,224,1,2,0,9,4,0.23,0.88,-0.01,0.4165665932162455
11,6,sopa_letras,5,157,3,3,1,9,1,-0.16,0.91,-0.17,0.5328392967358337
10,6,crucigrama,3,104,5,0,1,10,5,0.09,0.96,0.18,0.7548408634067391
12,4,crucigrama,3,197,2,3,1,8,2,-0.17,0.91,0.17,0.5494860939217715
11,5,relacionar,1,118,4,3,1,10,2,0.12,0.91,0.09,0.5594547836019773
10,4,sopa_letras,1,260,5,3,1,8,4,0.13,0.73,0.27,0.5228561417450088
10,4,memoria,2,125,1,2,1,7,2,-0.1,0.84,0.24,0.45839913079366784
10,5,memoria,5,198,3,1,1,9,1,0.16,0.8,0.04,0.7347519645199242
9,5,relacionar,5,292,5,3,0,7,5,0.06,0.82,0.21,0.29158764414591004
11,4,memoria,5,81,5,1,0,5,4,-0.13,0.96,0.2,0.30937544713737736
12,5,crucigrama,4,267,5,1,1,8,5,0.28,0.95,0.22,0.6702932552607035
11,6,crucigrama,1,135,3,0,0,6,5,-0.06,0.57,-0.01,0.18845142485663177
10,6,memoria,2,175,1,2,0,6,4,0.41,0.95,0.29,0.41181843888465447
9,6,relacionar,4,148,2,0,1,8,5,0.4,0.52,0.07,0.6401383126865512
12,6,sopa_letras,4,119,4,2,0,5,3,0.2,0.56,-0.01,0.24205147771484165
12,4,relacionar,3,285,1,1,0,9,5,-0.07,0.67,0.16,0.28608823487059076
10,5,memoria,4,147,3,0,1,10,4,0.41,0.8,0.09,0.6713929444264666
11,4,sopa_letras,4,250,3,0,1,9,5,0.31,0.92,0.29,0.70884509227017
9,5,sopa_letras,2,184,4,2,1,5,5,0.36,0.98,-0.15,0.5406072585461217
12,6,memoria,4,263,4,0,0,8,1,-0.2,0.7,0.07,0.28751228541183177
11,6,memoria,1,237,5,0,0,9,1,0.25,0.63,0.04,0.2511770822070635
10,5,relacionar,2,185,2,1,0,6,1,0.08,0.87,0.07,0.3470634040008857
10,4,relacionar,5,155,5,3,1,8,3,0.41,0.72,-0.03,0.6479471738897488
11,5,memoria,1,165,4,0,0,10,5,-0.11,0.85,-0.13,0.2976679284409788
12,5,crucigrama,2,92,5,2,1,9,5,0.23,0.95,0.28,0.7198760399272899
12,5,memoria,2,290,4,1,0,7,4,-0.09,0.85,0.1,0.3128293863812803
9,4,relacionar,5,191,3,0,1,8,5,0.22,0.62,-0.04,0.5685425842368081
10,5,sopa_letras,1,263,2,0,1,8,2,-0.06,0.59,-0.09,0.5350206524614796
12,5,sopa_letras,3,203,4,1,0,9,2,-0.18,0.72,0.27,0.3820158653130175
9,6,relacionar,3,254,1,0,0,5,3,0.48,0.67,0.03,0.351768248272704
12,4,crucigrama,1,108,2,3,0,5,1,0.23,0.66,0.16,0.29854748487359767
11,6,sopa_letras,2,85,3,2,1,9,3,0.45,0.87,0.0,0.5905129908962788
10,6,relacionar,4,102,3,0,1,8,3,0.47,0.55,0.22,0.6002183965777322
11,4,memoria,5,230,1,1,1,7,5,0.24,0.78,0.29,0.6772037977654352
11,6,crucigrama,5,151,5,3,0,8,1,0.01,0.56,0.15,0.33097641292371643
10,5,memoria,4,116,5,1,0,6,4,-0.19,0.83,0.08,0.26540588782769936
9,4,sopa_letras,5,292,1,2,1,8,4,0.45,0.54,0.16,0.5517847916662464
11,5,relacionar,1,261,1,0,0,7,4,0.03,0.5,0.16,0.2319831990037145
12,4,sopa_letras,4,223,2,2,0,5,1,0.13,0.82,0.13,0.2897569992943753
12,6,sopa_letras,4,300,4,0,0,10,1,0.33,0.86,-0.11,0.3866682286901649
9,6,memoria,2,161,2,0,0,9,1,-0.02,0.58,0.03,0.3186353697036906
10,5,relacionar,4,170,4,3,0,7,5,0.34,0.6,0.23,0.4327922067175912
12,4,relacionar,3,93,3,2,0,10,1,0.09,0.89,-0.05,0.30330308751864626
11,6,crucigrama,2,237,1,0,1,8,4,-0.14,0.9,-0.09,0.6163956542489788
10,6,sopa_letras,5,128,4,0,1,9,1,0.47,0.76,-0.14,0.7173389254146618
12,6,sopa_letras,3,152,2,0,0,7,5,-0.14,0.79,0.24,0.27472524880315674
11,4,relacionar,1,245,1,3,0,9,5,0.4,0.7,-0.09,0.30312918986493576
9,5,relacionar,4,125,1,2,1,8,3,-0.07,0.95,0.22,0.6382916810793885
12,5,sopa_letras,2,171,3,2,1,8,4,-0.07,0.97,-0.11,0.6092939483157628
11,5,memoria,3,209,2,1,1,6,4,-0.17,0.55,0.09,0.4356299756670787
9,6,memoria,2,114,1,1,0,5,1,-0.11,0.77,0.02,0.2872220834090986
12,4,memoria,4,196,4,1,0,6,4,0.4,0.78,-0.03,0.4180316258457385
10,4,crucigrama,3,98,4,0,1,6,5,0.42,0.72,-0.02,0.5455200222749006
9,6,crucigrama,5,244,1,0,1,10,5,-0.11,0.86,0.05,0.6395717072026789
9,5,sopa_letras,4,198,5,0,1,7,3,0.07,0.6,0.21,0.5162878357500251
11,4,memoria,1,125,4,3,0,10,3,0.43,0.9,-0.07,0.3823137899587993
10,5,relacionar,2,125,3,0,1,5,4,0.34,0.94,0.15,0.5806770094997302
11,4,crucigrama,3,98,4,3,0,9,1,0.25,0.75,-0.11,0.3644764550959812
10,4,sopa_letras,2,187,1,0,1,9,4,0.32,0.82,0.16,0.613554238567237
9,5,memoria,5,126,4,1,0,10,3,0.39,0.8,-0.0,0.4445169893369322
10,6,relacionar,3,160,5,3,1,6,3,0.28,0.9,-0.07,0.5694109739132648
11,4,crucigrama,4,257,1,2,1,8,1,0.5,0.62,0.17,0.6599821151371764
10,4,memoria,2,212,2,3,1,5,2,0.17,0.99,0.02,0.5621271200053173
10,4,crucigrama,2,258,3,3,0,6,2,0.45,0.82,0.2,0.3255764944522025
9,6,crucigrama,5,289,2,2,0,10,4,0.21,0.98,0.09,0.4560861395311137
10,4,crucigrama,1,145,1,2,0,10,4,-0.0,0.79,0.01,0.2893561007420479
12,5,sopa_letras,1,111,4,1,0,5,5,0.34,0.68,0.05,0.3359372549264006
11,6,crucigrama,4,102,5,1,0,7,5,0.22,0.85,0.24,0.41594053017883137
9,5,relacionar,1,213,4,3,0,5,1,0.03,0.87,-0.16,0.18234919726974474
10,5,crucigrama,4,132,4,1,1,8,3,-0.03,0.97,0.07,0.6168257760840645
9,6,relacionar,1,97,5,2,0,10,5,-0.02,0.95,0.17,0.4039109558074252
10,6,sopa_letras,5,297,3,3,1,10,3,0.13,0.89,-0.17,0.6744684982273612
12,5,memoria,1,271,5,1,1,9,1,0.02,0.98,0.11,0.6085443018571215
10,5,relacionar,4,219,1,3,1,9,3,0.11,0.8,0.04,0.6540726823901404
9,6,sopa_letras,4,230,1,1,1,10,2,0.49,0.9,-0.12,0.7660915170625279
10,4,relacionar,1,299,4,2,0,9,5,0.28,0.8,0.18,0.3245241447175262
12,4,sopa_letras,2,212,2,1,1,6,2,0.21,0.83,-0.13,0.5201016375274357
11,5,relacionar,4,191,2,3,0,10,3,0.08,0.96,0.28,0.4199733552514655
10,6,relacionar,3,219,1,0,1,8,2,-0.16,0.84,-0.1,0.5618024631747709
12,5,relacionar,1,185,1,3,0,9,5,0.12,0.9,-0.2,0.3722815285368128
12,4,sopa_letras,2,104,4,3,0,7,3,-0.12,0.99,-0.06,0.31970200958091904
11,5,sopa_letras,3,136,1,0,0,6,4,-0.09,0.98,0.13,0.33435145336448874
12,4,crucigrama,3,171,1,2,1,5,2,0.39,0.62,-0.17,0.4953719768084299
12,4,sopa_letras,1,193,2,3,1,7,4,0.18,0.51,-0.19,0.4363464238283129
10,4,relacionar,5,296,5,1,0,10,4,0.5,0.98,-0.15,0.5201579445058424
11,6,memoria,5,260,5,3,1,10,3,0.0,0.62,0.2,0.6545620793688611
10,6,memoria,3,220,4,3,1,6,4,0.46,0.68,-0.04,0.6231020650019797
11,6,memoria,5,84,4,0,1,9,3,0.48,0.92,0.29,0.6202554005869562
12,6,sopa_letras,1,205,3,3,0,7,1,-0.06,0.59,0.2,0.11795055937495573
10,6,sopa_letras,1,92,4,1,0,8,3,0.41,0.88,0.08,0.35418379965903
12,4,sopa_letras,1,230,2,3,0,6,2,0.15,0.54,-0.17,0.20850452602852962
11,4,crucigrama,5,295,4,0,1,9,2,0.17,0.96,-0.01,0.6911796143074542
12,5,relacionar,1,266,1,2,0,7,2,0.2,0.54,-0.04,0.25988178674787743
12,4,crucigrama,2,265,5,0,1,8,4,0.05,0.93,0.23,0.5682353456058771
10,6,crucigrama,4,296,1,3,0,5,1,0.49,0.61,-0.05,0.34480516869567474
10,5,crucigrama,2,149,5,0,0,8,4,0.17,0.82,0.06,0.3258508965411771
11,5,memoria,1,102,1,0,0,9,5,0.46,0.87,0.29,0.33542412429181556
11,5,memoria,1,298,3,2,0,7,1,0.3,0.73,-0.06,0.22580876390832957
11,4,sopa_letras,3,213,1,1,0,9,4,0.44,0.96,0.16,0.35791255251501236
12,6,relacionar,3,121,2,2,0,10,3,0.33,0.94,-0.19,0.3479395051161756
10,6,relacionar,5,169,1,0,0,6,5,0.3,0.93,0.2,0.41716932395007494
10,6,sopa_letras,2,265,3,1,0,6,2,0.45,0.85,-0.03,0.3561032014955552
11,4,crucigrama,2,297,5,2,1,8,5,-0.12,0.97,-0.15,0.5646169819453011
12,6,relacionar,5,218,2,1,1,7,1,-0.07,0.69,-0.06,0.574319927460132
11,5,memoria,1,173,4,3,1,5,5,-0.12,0.53,-0.08,0.458742377727101
11,4,crucigrama,2,236,3,3,0,5,5,0.3,0.87,-0.18,0.41064843012486174
12,5,crucigrama,5,164,5,2,1,9,1,0.15,0.65,0.27,0.6748091435348322
9,6,crucigrama,1,128,2,0,0,9,2,-0.12,0.86,-0.15,0.3036761350138392
9,5,sopa_letras,5,98,5,3,0,6,4,-0.11,0.72,0.21,0.4047253424639632
10,5,crucigrama,1,198,2,1,1,5,4,0.39,0.91,0.21,0.5494361327439886
11,5,memoria,5,109,2,2,0,9,4,0.32,0.55,0.02,0.33412986653287924
9,5,memoria,5,277,2,3,1,8,4,-0.1,0.76,0.29,0.5918621705209423
12,5,relacionar,2,153,2,2,0,10,1,-0.13,0.62,0.27,0.21879971813898835
11,6,memoria,5,288,5,0,1,6,3,-0.15,0.6,0.15,0.5654713675976053
11,4,sopa_letras,4,117,4,3,1,7,3,0.09,0.59,0.26,0.5589489501521663
12,4,memoria,5,203,5,3,0,10,3,0.49,0.86,0.04,0.4577042067255765
11,4,memoria,5,195,3,0,1,8,3,0.18,0.86,0.2,0.5978577182616114
9,5,crucigrama,3,178,5,3,0,6,2,0.05,0.53,0.04,0.24233841335016726
10,4,sopa_letras,3,109,4,0,0,6,4,0.49,0.66,0.29,0.35088204776084975
12,5,relacionar,3,174,4,1,1,6,1,0.47,0.69,-0.07,0.5103876292406159
9,4,sopa_letras,1,244,5,2,0,10,1,0.35,0.73,-0.18,0.41270458625172207
9,4,relacionar,5,112,1,1,0,9,1,0.23,0.52,0.28,0.29447433555672675
9,5,memoria,1,81,4,0,0,10,5,-0.1,0.85,0.09,0.3744219982787481
12,6,memoria,1,228,3,2,1,8,5,0.34,0.63,-0.15,0.5926289094339064
12,5,sopa_letras,5,218,3,0,1,8,4,0.23,0.76,0.01,0.7081190953152744
11,4,relacionar,2,116,4,1,0,7,4,0.4,0.98,-0.19,0.38521510268034
12,6,relacionar,1,129,1,0,1,5,4,0.12,0.82,0.15,0.5564982355649425
12,4,crucigrama,1,115,2,0,1,10,4,0.05,0.7,0.04,0.546119454644266
11,4,relacionar,2,269,2,0,1,9,1,0.25,0.84,0.06,0.6050014215043703
10,5,relacionar,1,263,5,0,1,6,3,-0.14,0.94,0.13,0.3981775312976492
9,6,crucigrama,1,194,3,0,0,6,2,0.02,0.77,-0.09,0.32064816629302173
12,4,crucigrama,1,196,1,1,0,5,2,-0.18,0.63,0.1,0.1832338182162932
9,5,sopa_letras,1,171,1,2,1,8,4,0.14,0.58,-0.11,0.6409405364142258
12,6,relacionar,2,82,2,3,0,9,1,0.48,0.68,0.04,0.41975132653518477
12,5,sopa_letras,4,115,5,1,1,8,3,-0.03,0.76,-0.01,0.6296532778429603
9,6,relacionar,1,182,2,1,1,9,5,0.45,0.7,0.25,0.6768780309269856
12,6,crucigrama,4,88,5,1,1,6,5,0.03,0.85,0.09,0.6280076457294926
12,6,relacionar,3,157,2,2,0,6,2,0.43,0.64,0.24,0.2706794939003565
9,6,sopa_letras,2,182,4,0,1,9,1,-0.12,0.58,0.28,0.48609971581163824
10,4,relacionar,4,221,1,3,0,9,3,0.31,0.69,-0.11,0.3951745404821773
9,6,crucigrama,3,131,2,2,1,5,1,0.48,0.86,-0.12,0.6435283547678522
12,4,sopa_letras,1,295,3,1,1,9,2,0.21,0.65,0.14,0.5788896859533252
10,6,crucigrama,5,104,5,2,0,9,4,0.07,0.71,0.12,0.359398249401866
12,6,crucigrama,4,130,3,1,1,10,4,0.12,0.83,-0.0,0.7423741143401923
9,4,crucigrama,1,222,4,2,1,10,1,0.1,0.98,0.15,0.616471812270267
9,4,crucigrama,5,265,2,0,0,6,5,0.48,0.97,0.2,0.4936915178998446
12,4,sopa_letras,3,267,5,3,0,9,4,-0.15,0.54,-0.15,0.230557867388786
12,5,relacionar,2,235,2,2,1,7,4,-0.19,0.95,0.29,0.5872749164748143
10,4,relacionar,2,160,5,1,1,9,5,0.39,0.6,-0.2,0.6107936370767125
9,5,relacionar,5,265,3,2,1,5,2,-0.17,0.88,-0.08,0.5454557114894502
11,4,memoria,2,197,5,3,1,7,4,0.08,0.65,-0.09,0.626095500244229
9,5,relacionar,1,182,3,3,1,10,3,0.33,0.54,0.17,0.5957818011318877
10,5,memoria,2,141,1,1,0,9,1,-0.13,0.93,0.08,0.25842506666056414
12,5,memoria,1,213,4,1,0,6,1,0.48,0.94,0.22,0.32104170922417
12,4,relacionar,3,275,3,0,0,8,3,0.37,0.88,0.17,0.34561339730709995
11,6,crucigrama,3,96,3,3,1,6,1,0.16,0.53,-0.16,0.6178457351923671
9,4,memoria,4,160,2,3,0,6,3,0.06,0.82,0.12,0.3379700758064362
11,5,crucigrama,2,126,5,0,1,10,2,-0.04,0.97,0.24,0.6776655221853901
9,5,crucigrama,2,203,2,2,0,10,5,0.09,0.84,-0.15,0.3434140321051806
10,5,memoria,1,274,5,3,0,6,1,0.5,0.68,0.08,0.3302922690155301
12,6,relacionar,2,161,1,1,1,6,3,0.35,0.88,-0.13,0.5666498084754933
12,4,crucigrama,1,248,2,1,0,7,4,0.34,0.76,-0.14,0.2870889600206376
12,5,sopa_letras,5,127,3,3,1,6,3,0.4,0.61,0.27,0.6705576340536684
12,4,sopa_letras,4,156,4,3,0,5,1,0.1,0.63,0.29,0.2805414648849251
12,6,relacionar,2,122,3,1,1,9,5,-0.09,0.74,0.06,0.5996022654108787
11,4,relacionar,3,241,2,0,1,10,5,0.03,0.97,0.19,0.6203751326911191
10,5,sopa_letras,1,114,4,2,1,10,4,0.12,0.77,0.09,0.6157490105967315
10,5,memoria,4,298,2,2,1,10,4,-0.17,0.72,-0.06,0.6349280782501692
9,4,memoria,1,299,4,1,1,8,1,-0.2,0.81,-0.06,0.5100329490494137
9,6,memoria,5,153,4,2,0,7,2,0.1,0.97,-0.03,0.47605552169018484
12,6,crucigrama,5,250,1,3,1,7,1,0.29,0.59,0.22,0.617913786309657
11,5,crucigrama,2,256,3,3,1,6,5,-0.06,0.88,-0.16,0.5919371548168898
10,5,relacionar,1,295,5,3,1,10,2,0.0,0.96,0.03,0.5756381189050797
12,4,relacionar,4,160,3,3,0,8,4,-0.07,0.75,-0.14,0.3259384737657587
10,6,sopa_letras,2,283,1,2,0,8,4,0.26,0.82,-0.03,0.26809540328254094
12,4,sopa_letras,2,268,1,3,0,10,5,0.46,0.53,0.16,0.32061710060802634
10,6,sopa_letras,1,197,1,3,1,5,2,0.11,0.92,0.09,0.5593891362381362
12,4,memoria,4,222,2,0,1,7,3,0.26,0.71,0.16,0.6806960344973331
12,6,crucigrama,4,182,4,0,1,8,5,0.25,0.88,-0.19,0.5424948777453964
10,5,memoria,5,141,3,2,0,9,4,0.25,0.99,0.12,0.5667887973636816
11,4,memoria,3,226,1,3,0,9,5,-0.01,0.63,0.2,0.28738817344696027
12,4,relacionar,1,140,4,1,0,5,3,0.3,0.61,-0.17,0.32332176463240614
10,5,sopa_letras,2,141,4,3,0,5,2,0.45,0.57,0.23,0.17050737864631427
12,5,memoria,5,236,4,2,0,9,5,0.45,0.57,-0.11,0.39425749236362634
11,4,relacionar,1,232,2,1,1,5,3,-0.01,0.93,-0.15,0.5364653172624981
10,4,crucigrama,2,147,1,2,1,9,3,0.49,0.8,0.18,0.6175673143702787
12,6,relacionar,3,234,1,2,1,7,1,0.43,0.94,0.09,0.706713338316871
11,6,sopa_letras,4,87,5,2,0,10,5,-0.1,0.88,-0.08,0.4358646158348467
9,5,crucigrama,1,162,4,3,0,9,1,-0.18,0.69,0.1,0.27096847749206154
12,5,sopa_letras,4,160,2,3,1,8,1,0.37,0.76,-0.12,0.7043502284289918
12,6,sopa_letras,3,203,5,3,1,5,2,-0.17,0.75,-0.07,0.4780149684179822
10,6,memoria,4,118,4,3,1,10,5,0.26,0.58,-0.05,0.5957349628539663
11,5,memoria,2,152,5,2,0,5,4,0.47,0.95,0.08,0.23590572719642094
12,6,sopa_letras,1,216,1,3,0,5,2,-0.16,0.84,0.06,0.20035605296451459
10,4,relacionar,3,247,3,0,1,6,2,0.27,0.96,-0.06,0.6700915550804554
10,4,crucigrama,3,255,5,0,0,10,5,0.21,0.7,0.06,0.2389820301390276
10,5,crucigrama,4,96,2,3,1,10,3,0.42,0.78,0.24,0.7548671981180319
9,4,memoria,2,197,4,3,1,6,1,0.13,0.88,0.07,0.5066966687681957
11,4,memoria,2,89,1,3,1,10,4,0.3,0.86,0.08,0.6100338628064409
11,6,relacionar,2,248,5,0,0,6,5,-0.02,0.67,0.07,0.30826404289188475
11,5,memoria,3,84,5,0,0,6,1,0.23,0.61,0.24,0.29831073014030524
10,5,memoria,5,176,1,3,0,7,3,0.38,0.67,-0.02,0.3428872469957297
11,6,sopa_letras,5,151,3,0,0,10,2,0.29,0.75,-0.17,0.38393096571601554
11,5,relacionar,1,297,5,1,0,6,2,0.16,0.98,-0.19,0.3630920634238386
10,4,relacionar,1,81,5,2,1,6,1,-0.05,0.52,0.23,0.3996723388111964
12,6,relacionar,5,143,5,3,1,8,1,0.12,0.52,0.17,0.6186333100149507
11,5,crucigrama,1,180,3,1,0,7,1,0.04,0.98,0.08,0.31612557927578483
12,5,relacionar,5,128,5,3,0,10,2,0.48,0.55,0.03,0.4214158330724861
9,5,memoria,4,223,4,1,1,6,1,0.06,0.56,0.27,0.5171396992212202
11,4,memoria,3,97,2,1,0,6,3,0.31,0.9,0.16,0.42182538037935946
12,6,sopa_letras,1,208,5,0,0,8,5,-0.1,0.85,0.08,0.2684819339601446
9,5,sopa_letras,4,106,1,0,1,7,5,0.45,0.86,0.2,0.7623977093952734
9,4,sopa_letras,2,275,3,3,0,9,4,0.16,0.87,-0.06,0.35693073157755545
9,6,memoria,1,114,3,3,0,9,2,0.18,0.59,-0.04,0.27946428565481857
9,4,relacionar,5,150,5,2,0,9,4,-0.17,0.85,-0.18,0.4215140996030964
9,5,crucigrama,5,142,1,1,1,7,4,0.39,0.89,-0.0,0.668729654456416
12,5,sopa_letras,5,81,4,1,1,7,4,0.19,0.8,-0.2,0.5821122980554015
10,4,sopa_letras,2,158,5,3,1,5,2,0.17,0.52,0.21,0.5158356733661413
10,6,crucigrama,5,208,3,2,0,5,5,0.35,0.92,-0.02,0.4287023102880004
10,6,crucigrama,5,171,2,0,0,8,5,-0.2,0.96,-0.14,0.44238577019752257
11,6,memoria,2,250,4,0,0,6,3,0.37,0.51,-0.18,0.2526036829710723
10,4,memoria,3,159,4,3,0,5,1,0.19,0.85,0.2,0.43180735864460984
9,5,crucigrama,5,206,2,3,0,10,1,0.46,0.97,-0.05,0.5602690491407012
10,5,crucigrama,3,295,4,0,0,6,3,0.04,0.62,0.22,0.33675017953281156
9,6,sopa_letras,2,172,4,2,1,10,1,0.08,0.83,0.09,0.6300589931956091
11,6,relacionar,1,175,1,3,0,10,1,0.17,0.7,0.09,0.3037935784233127
11,6,memoria,3,100,3,1,1,9,3,0.44,0.77,-0.04,0.6504173559466697
12,6,memoria,3,206,2,3,0,8,4,0.03,0.91,0.17,0.27606318278826725
12,5,sopa_letras,2,210,4,1,1,9,5,0.05,0.78,-0.02,0.560683548353944
12,5,crucigrama,4,125,4,1,0,5,5,0.49,0.57,-0.1,0.30884593984150016
10,6,sopa_letras,4,208,3,0,1,8,4,0.18,0.81,0.03,0.7204853043862058
10,4,crucigrama,3,195,2,0,0,9,2,0.25,0.88,0.0,0.4029152110016316
9,4,memoria,5,92,5,0,0,9,3,0.42,0.64,-0.19,0.34292848378309304
9,6,relacionar,5,152,4,0,1,8,1,0.31,0.83,0.13,0.7061977331536069
9,6,memoria,1,194,1,1,1,6,1,0.5,0.69,-0.06,0.5130856728351689
11,5,sopa_letras,4,297,2,1,1,7,3,0.12,0.7,0.03,0.572654736587452
12,5,relacionar,3,88,3,2,0,10,2,-0.16,0.91,-0.13,0.4163264747341049
9,6,relacionar,3,218,4,1,0,8,1,-0.1,0.9,-0.17,0.37309808339923717
12,4,memoria,1,124,3,3,0,9,3,0.33,0.64,0.12,0.2562142351891131
9,6,relacionar,2,147,4,3,0,10,1,0.03,0.81,-0.08,0.26728056144807216
11,6,memoria,4,297,2,0,1,7,5,0.46,0.75,-0.11,0.45922379654451706
12,4,relacionar,2,208,1,3,1,6,5,0.39,0.65,-0.04,0.5104007455262791
9,5,memoria,4,248,2,0,1,5,5,0.34,0.95,0.11,0.5714044233965663
9,6,crucigrama,4,265,1,2,0,6,4,0.31,0.79,0.19,0.3378687596530433
10,6,sopa_letras,2,170,1,0,0,6,4,0.44,0.81,-0.2,0.3005262529682442
12,6,crucigrama,3,161,1,1,1,5,4,0.15,0.69,-0.02,0.5746192556308892
10,6,relacionar,3,289,2,2,1,8,4,0.1,0.75,0.16,0.6764200162407931
9,6,memoria,3,180,4,1,0,5,5,0.05,0.6,-0.2,0.24854650851696738
10,4,sopa_letras,3,205,3,1,1,5,4,0.22,0.83,0.03,0.6014297501126892
10,6,sopa_letras,5,187,4,1,1,9,3,0.08,0.65,0.02,0.6136752568766425
10,5,relacionar,2,142,1,0,0,6,2,0.08,0.61,-0.05,0.1568318895750917
11,5,relacionar,2,240,3,2,1,10,5,0.19,0.86,0.12,0.6591208274022429
12,6,sopa_letras,4,82,3,0,1,7,3,-0.15,0.54,0.06,0.558220461149781
10,4,crucigrama,1,239,3,0,0,8,5,0.21,0.92,-0.19,0.2970490567391353
11,5,crucigrama,5,139,3,2,0,8,2,0.19,0.65,0.14,0.4586791640427128
10,4,relacionar,3,289,4,3,1,8,4,-0.1,0.69,-0.11,0.6581972651966659
11,4,memoria,2,99,3,0,1,7,1,0.41,0.82,0.19,0.6357547509236315
11,4,crucigrama,3,107,4,2,1,6,2,0.1,0.57,0.08,0.548335885053297
9,5,memoria,5,81,5,0,1,9,1,0.1,0.75,0.23,0.6306645836777954
12,6,memoria,3,207,3,2,0,10,4,-0.05,0.72,0.06,0.4135503982428032
11,6,sopa_letras,1,157,5,1,1,9,5,0.15,0.71,-0.03,0.5153854392663406
12,6,memoria,2,167,2,1,0,6,1,0.2,0.89,-0.1,0.35256277097824706
12,4,sopa_letras,3,237,5,3,1,10,5,-0.06,0.69,0.1,0.5772358303700694
9,4,sopa_letras,3,268,1,2,0,8,2,0.38,0.64,-0.18,0.36979257136738347
10,6,sopa_letras,3,153,2,2,0,10,5,0.15,0.54,0.25,0.32225989865601223
9,6,sopa_letras,5,173,1,0,1,10,4,0.03,0.82,-0.04,0.6213458296498457
11,6,memoria,2,83,1,3,0,6,5,0.34,0.53,0.21,0.25359219408509726
10,4,crucigrama,2,289,2,3,0,8,1,-0.17,0.6,0.24,0.3100928582291009
12,6,relacionar,1,190,4,2,0,10,5,0.35,0.76,-0.15,0.34339612205355313
11,6,sopa_letras,3,164,2,1,1,5,5,-0.01,0.9,-0.1,0.595240490185236
10,4,sopa_letras,1,152,5,0,0,5,3,0.29,0.73,0.1,0.3330517273128401
9,5,memoria,3,189,3,3,1,9,4,0.46,0.87,0.24,0.6597026897990109
10,5,relacionar,1,117,2,2,1,6,2,-0.01,0.99,0.01,0.5485381610819473
11,6,memoria,1,199,5,1,0,9,5,0.37,0.95,0.17,0.45128648568176305
11,6,relacionar,5,209,1,3,1,10,3,0.45,0.79,0.07,0.6708440189687803
10,5,relacionar,2,169,4,0,1,8,5,-0.17,0.99,0.24,0.541299890402595
11,4,crucigrama,3,104,3,3,0,7,1,-0.15,0.51,0.11,0.30977429738679374
11,6,crucigrama,1,111,3,1,0,5,1,-0.11,0.62,0.04,0.17905894289199734
12,4,relacionar,2,102,5,2,0,5,5,0.06,0.73,-0.2,0.23659919941799537
11,5,crucigrama,5,290,2,1,0,8,2,0.09,0.51,-0.14,0.40463460375886223
11,5,memoria,3,222,5,1,1,9,5,0.08,0.82,-0.03,0.5897055609943503
10,5,memoria,3,206,1,2,1,6,5,0.13,0.97,0.15,0.6331302509245388
9,5,memoria,1,251,3,0,0,10,4,0.28,0.61,-0.08,0.42568596234300665
12,6,crucigrama,4,167,2,2,1,8,4,0.01,0.99,-0.08,0.7202804450453886
9,4,relacionar,5,170,1,2,0,8,4,0.47,0.91,0.16,0.3510288752565657
12,6,sopa_letras,2,217,3,3,1,9,3,0.2,0.99,0.07,0.6724437990602149
9,5,memoria,3,221,3,0,1,7,5,0.35,0.72,0.12,0.627112491338581
10,4,sopa_letras,2,215,1,3,0,9,5,0.36,0.6,0.09,0.4350213605754377
12,5,relacionar,4,260,1,3,1,8,2,0.18,0.95,0.21,0.673359409737429
9,5,memoria,1,249,1,3,1,6,4,0.26,0.52,0.12,0.4185774275585762
10,6,relacionar,2,132,3,1,0,9,3,0.19,0.97,0.04,0.3550283074478148
9,6,sopa_letras,5,155,3,0,1,8,5,-0.06,0.74,0.12,0.6588696733123506
12,4,sopa_letras,3,167,3,1,1,6,3,-0.04,0.59,0.2,0.628683824132536
9,4,memoria,5,255,4,3,1,10,2,0.13,0.72,-0.09,0.6789344532559901
11,6,sopa_letras,4,152,5,2,1,9,3,-0.06,0.52,0.2,0.6611619319220867
9,4,sopa_letras,5,218,3,1,1,9,3,-0.05,0.89,-0.15,0.6791715550465361
12,6,crucigrama,3,137,5,1,0,6,3,-0.07,0.64,0.05,0.31248209225906604
10,6,crucigrama,4,124,2,3,0,9,2,-0.13,0.63,-0.11,0.24977777227484194
10,5,relacionar,1,278,2,1,1,9,4,-0.09,0.86,0.18,0.5979335092183395
10,5,relacionar,1,201,3,1,0,8,2,0.09,0.62,-0.03,0.3123885244391535
9,4,sopa_letras,4,151,2,2,0,6,2,-0.13,0.98,0.2,0.30766577885900287
10,4,relacionar,2,223,5,3,1,5,2,0.37,0.52,-0.13,0.5440835100945911
12,5,relacionar,4,98,2,3,1,7,3,-0.03,0.58,0.04,0.5132211374762852
11,5,relacionar,4,238,5,0,1,6,5,0.35,0.78,0.28,0.5242239822865075
9,6,sopa_letras,3,143,2,2,1,9,1,0.36,0.87,0.11,0.5025136455384638
9,4,memoria,3,183,2,3,1,10,5,0.48,0.96,-0.19,0.6577891871794497
9,6,sopa_letras,2,266,4,1,1,7,1,0.02,0.61,0.29,0.480569855880166
9,5,relacionar,5,224,3,3,1,10,3,0.38,0.51,0.26,0.6721153774444855
12,6,sopa_letras,3,238,5,3,0,9,2,0.13,0.98,0.04,0.41409143373352714
10,6,relacionar,3,187,1,0,0,8,2,-0.15,0.71,-0.08,0.3240979950578313
11,5,relacionar,5,251,4,0,1,5,4,0.16,0.76,0.3,0.669954240288785
10,6,sopa_letras,4,262,1,2,0,5,4,-0.0,0.55,0.09,0.269382626156712
10,6,sopa_letras,5,148,3,0,1,6,1,0.45,0.96,0.04,0.6693788406844228
11,5,relacionar,1,290,1,1,1,9,2,-0.16,0.68,0.11,0.5252297853671154
12,6,sopa_letras,3,100,2,1,0,10,3,0.2,0.91,-0.11,0.42281442120127083
12,4,memoria,3,89,5,3,0,10,3,0.1,0.98,0.03,0.5999111310413194
11,4,memoria,5,147,5,0,0,9,1,0.41,0.57,0.18,0.413574067227856
11,4,memoria,1,129,4,3,0,9,2,-0.06,0.62,0.22,0.21297515813530898
9,6,relacionar,1,230,1,3,1,10,4,0.45,0.76,0.29,0.6983077387996205
9,4,sopa_letras,2,188,1,0,0,8,1,0.46,0.92,-0.19,0.3939333743464737
10,4,crucigrama,1,272,4,3,0,7,2,0.34,0.68,-0.03,0.2778054080920863
9,5,crucigrama,4,219,4,0,0,5,2,0.5,0.91,-0.16,0.334469937744577
12,6,memoria,5,191,4,2,0,7,2,0.13,0.94,0.27,0.3213113381752829
12,6,crucigrama,5,294,3,0,1,7,2,-0.19,0.87,0.26,0.6262222904887175
9,5,crucigrama,5,89,3,3,0,9,1,-0.04,0.78,0.17,0.35677518043752104
12,5,sopa_letras,5,258,3,3,0,9,4,0.08,0.65,0.14,0.3758258342556336
12,4,memoria,4,89,3,1,0,10,1,0.36,0.57,0.19,0.3847267134865753
10,6,crucigrama,2,196,1,2,1,6,4,-0.11,0.92,0.09,0.5226911902005025
11,6,sopa_letras,4,293,2,0,0,9,2,0.27,0.79,-0.15,0.4855272686017636
9,4,crucigrama,3,81,5,0,0,5,3,0.26,0.81,-0.19,0.23959101628056478
11,4,crucigrama,5,205,4,3,1,7,2,0.1,0.66,0.18,0.6221900369788125
11,4,sopa_letras,2,194,4,1,1,10,3,0.28,0.63,0.24,0.672010747734006
9,6,relacionar,1,182,1,3,1,10,2,-0.16,1.0,0.17,0.550631431909933
12,6,crucigrama,5,117,4,0,0,5,3,0.36,0.54,-0.13,0.370185590921
9,5,memoria,3,124,3,1,1,5,5,0.19,0.53,0.3,0.5196256279428537
9,4,memoria,4,120,5,3,0,10,3,0.21,0.53,0.22,0.3260008988263291
11,5,memoria,4,160,2,2,0,6,2,0.49,0.64,-0.14,0.36241658713762726
10,6,crucigrama,2,122,5,2,1,10,2,-0.05,0.94,-0.12,0.7107764539754136
10,6,memoria,5,141,3,3,0,8,2,0.03,0.52,0.09,0.32943670910561074
9,4,relacionar,3,167,3,3,1,10,2,0.36,0.91,-0.08,0.7287524342647714
9,6,relacionar,4,295,2,1,1,9,4,0.3,0.82,0.07,0.6749853946493317
12,6,sopa_letras,4,157,5,3,0,9,2,0.38,0.81,0.11,0.3811765124711552
9,5,memoria,2,104,2,1,0,7,1,0.37,0.68,0.21,0.34941893717247297
11,4,memoria,3,199,1,0,0,5,2,-0.15,0.67,0.06,0.29963699487121764
9,5,memoria,5,135,2,0,1,9,2,0.32,0.75,-0.0,0.6395173921254017
11,6,crucigrama,4,259,1,1,1,7,4,0.28,0.65,-0.1,0.6646156791347597
12,6,sopa_letras,3,80,5,3,0,6,5,-0.03,0.92,0.23,0.3803776385018689
12,5,crucigrama,3,230,1,1,0,8,5,0.09,0.68,0.04,0.319727130228077
12,4,memoria,5,228,1,2,0,6,3,-0.06,0.54,0.21,0.23315172549912722
12,6,crucigrama,1,201,2,0,0,7,1,0.45,0.73,-0.02,0.3947954457629905
10,4,sopa_letras,3,259,5,0,1,7,4,-0.1,0.61,-0.14,0.5219527186903785
9,6,sopa_letras,2,100,1,1,0,9,5,-0.09,0.67,0.27,0.26663377375496844
10,5,relacionar,3,245,4,3,1,8,3,0.45,0.74,-0.08,0.5656980928327852
11,5,memoria,3,108,4,2,1,10,2,0.36,0.67,0.08,0.660510663822138
9,4,crucigrama,3,241,5,3,1,9,2,0.34,0.58,0.23,0.6259190293857854
9,5,memoria,5,216,4,0,1,7,3,0.2,0.59,-0.01,0.5247479051706708
12,4,memoria,1,148,4,0,1,9,1,0.33,0.98,0.17,0.5981104764687666
10,6,crucigrama,5,184,2,2,1,10,4,-0.19,0.6,0.29,0.5867470276309876
10,4,relacionar,1,166,1,1,1,5,4,0.11,0.72,-0.12,0.4937029378576285
11,5,relacionar,4,138,1,1,0,9,1,0.49,0.87,0.16,0.4159284818210589
9,4,sopa_letras,2,93,1,1,0,5,5,0.35,0.59,0.22,0.23369981301503723
10,6,sopa_letras,2,291,3,1,1,5,3,0.18,0.59,-0.09,0.5365447744372479
9,5,memoria,4,245,1,0,1,6,5,-0.05,0.77,0.3,0.5454914764432396
10,4,sopa_letras,5,173,4,1,1,9,3,-0.06,0.99,0.23,0.7129950240762545
10,4,relacionar,4,272,3,3,0,6,5,0.45,0.64,-0.04,0.3537132869373085
12,4,crucigrama,5,112,4,1,1,6,4,-0.13,0.91,0.12,0.6449323225960811
12,6,memoria,1,186,1,1,1,7,2,0.24,0.92,-0.17,0.6154543748434318
11,6,crucigrama,3,284,5,0,1,6,5,0.13,0.72,0.08,0.5168508256654838
10,6,memoria,2,158,4,2,0,9,4,-0.2,0.74,0.1,0.2604141920194911
11,4,memoria,4,266,5,0,1,6,3,0.49,0.54,-0.03,0.6785840350740817
12,6,sopa_letras,4,157,5,0,0,10,2,0.49,0.91,-0.09,0.4037517368708925
9,5,relacionar,3,192,4,0,0,8,2,0.17,0.57,0.07,0.2668212311339831
10,5,sopa_letras,5,183,5,2,0,8,5,0.16,0.77,0.03,0.4640337810308187
10,5,memoria,5,178,1,2,1,6,1,0.26,0.97,0.15,0.6957986077482978
11,6,sopa_letras,2,169,1,1,1,10,5,0.04,0.9,0.03,0.6781601126802581
12,6,relacionar,4,139,3,0,1,6,5,0.15,0.57,0.22,0.45498744074197967
11,6,crucigrama,3,151,3,3,1,10,2,0.34,0.74,-0.12,0.6842235409594615
9,4,crucigrama,2,222,2,2,0,7,1,0.48,0.8,-0.17,0.2913678575923341
11,4,relacionar,1,90,1,3,0,9,3,-0.11,0.62,-0.06,0.26306231998003027
11,5,memoria,3,270,4,0,0,5,2,-0.07,0.63,0.12,0.24436344240693475
9,5,sopa_letras,5,187,5,0,1,5,4,0.23,0.79,-0.06,0.6045973180754648
12,6,memoria,3,149,3,2,0,8,2,0.01,0.83,-0.13,0.30854038771820286
9,5,relacionar,3,256,2,0,0,5,2,0.37,0.72,0.12,0.2303860360873295
